Gene Name,Evo Rate
ECB_02412,0.115
ECB_03460,0.3052
ECB_03077,0.0244
ECB_00928,0.029
ECB_03864,0.008
ECB_00894,0.094
ECB_03863,0.0074
ECB_01017,0.0543
ECB_02449,0.0374
ECB_00553,0.1436
ECB_01368,0.0237
ECB_03105,0.1147
ECB_04092,0.0782
ECB_01202,0.0261
ECB_01426,0.0512
ECB_03891,0.0253
ECB_02668,0.0922
ECB_01349,0.042
ECB_00182,0.017
ECB_03378,0.1196
ECB_01110,0.0274
ECB_02670,0.0648
ECB_00416,0.0606
ECB_04029,0.0615
ECB_01973,0.1547
ECB_00037,0.0099
ECB_01080,0.1092
ECB_00413,0.0301
ECB_00345,0.2203
ECB_01980,0.0502
ECB_02361,0.0314
ECB_03124,0.0608
ECB_01981,0.0492
ECB_01656,0.0642
ECB_00061,0.0413
ECB_00321,0.2596
ECB_02669,0.0623
ECB_02735,0.0241
ECB_04124,0.0216
ECB_02923,0.0752
ECB_03930,0.0109
ECB_00030,0.0796
ECB_02145,0.0666
ECB_00685,0.0277
ECB_03749,0.0322
ECB_02631,0.056
ECB_00996,0.2915
ECB_03336,0.0597
ECB_02208,0.0291
ECB_03270,0.047
ECB_00099,0.0273
ECB_04110,0.0615
ECB_00652,0.0585
ECB_01253,0.0417
ECB_01215,0.0135
ECB_00165,0.0367
ECB_03035,0.0218
ECB_00113,0.0203
ECB_02478,0.0439
ECB_03841,0.031
ECB_02262,0.312
ECB_01353,0.145
ECB_00944,0.3825
ECB_01805,0.0537
ECB_02547,0.0267
ECB_02157,0.0478
ECB_03381,0.0638
ECB_00936,0.032
ECB_00482,0.1923
ECB_01250,0.0193
ECB_00117,0.0189
ECB_00611,0.0257
ECB_02482,0.0179
ECB_02583,0.0289
ECB_03248,0.0407
ECB_01000,0.0564
ECB_03681,0.0244
ECB_01046,0.0289
ECB_03216,0.0234
ECB_00148,0.0362
ECB_00435,0.0387
ECB_03833,0.0569
ECB_02133,0.035
ECB_02916,0.5671
ECB_00002,0.0333
ECB_03280,0.0352
ECB_00216,0.0256
ECB_00898,0.0338
ECB_04046,0.0205
ECB_00790,0.0218
ECB_00175,0.0429
ECB_03826,0.0336
ECB_00147,0.1056
ECB_03401,0.0882
ECB_01556,0.0775
ECB_01557,0.0463
ECB_03913,0.0267
ECB_00447,0.0718
ECB_03582,0.0177
ECB_00825,0.0185
ECB_03269,0.052
ECB_00123,0.0392
ECB_01682,0.0401
ECB_01671,0.0176
ECB_00391,0.003
ECB_00058,0.0474
ECB_00062,0.0631
ECB_03380,0.0895
ECB_03075,0.0341
ECB_03261,0.0411
ECB_03514,0.0647
ECB_03259,0.0304
ECB_02411,0.1202
ECB_02062,0.0413
ECB_03836,0.0416
ECB_02981,0.0352
ECB_04236,0.046
ECB_02160,0.0208
ECB_00907,0.0209
ECB_02354,0.0318
ECB_03988,0.037
ECB_00917,0.2152
ECB_01701,0.0689
ECB_03708,0.0352
ECB_02891,0.0266
ECB_02562,0.1104
ECB_02677,0.0273
ECB_02395,0.1707
ECB_00149,0.0428
ECB_00550,0.1028
ECB_02629,0.021
ECB_00775,0.0783
ECB_01599,0.0724
ECB_02888,0.0328
ECB_03031,0.0169
ECB_00649,0.0513
ECB_03820,0.055
ECB_03318,0.1012
ECB_03737,0.027
ECB_01098,0.1052
ECB_02303,0.2101
ECB_03284,0.035
ECB_01966,0.0684
ECB_03828,0.0463
ECB_03689,0.0095
ECB_02684,0.0458
ECB_00964,0.0619
ECB_00766,0.045
ECB_04220,0.0171
ECB_04002,0.0399
ECB_02222,0.0181
ECB_02265,0.079
ECB_02531,0.0635
ECB_00184,0.0464
ECB_04106,0.0194
ECB_03250,0.0934
ECB_02795,0.0746
ECB_00887,0.016
ECB_03191,0.0155
ECB_03507,0.0111
ECB_00952,0.0404
ECB_03209,0.0807
ECB_01408,0.0849
ECB_03901,0.0418
ECB_03268,0.0911
ECB_03509,0.0321
ECB_01850,0.029
ECB_02581,0.0585
ECB_03372,0.0387
ECB_03410,0.044
ECB_02393,0.0222
ECB_01816,0.058
ECB_00966,0.0986
ECB_01801,0.0369
ECB_00654,0.0467
ECB_01497,0.1363
ECB_03347,0.0301
ECB_03014,0.1276
ECB_02044,0.0233
ECB_03423,0.1144
ECB_03656,0.0165
ECB_00746,0.0206
ECB_02573,0.0654
ECB_02950,0.0815
ECB_02366,0.2023
ECB_02311,0.0384
ECB_01615,0.0861
ECB_02249,0.144
ECB_02356,0.0378
ECB_03763,0.0573
ECB_02765,0.0236
ECB_02084,0.0695
ECB_00382,0.0213
ECB_03955,0.4575
ECB_01262,0.1251
ECB_02181,0.1237
ECB_00152,0.0587
ECB_03438,0.0829
ECB_02359,0.0946
ECB_02768,0.0121
ECB_03283,0.0893
ECB_03100,0.0421
ECB_01859,0.0898
ECB_01393,0.0416
ECB_01732,0.0265
ECB_03941,0.0288
ECB_03377,0.089
ECB_00884,0.1048
ECB_00636,0.0378
ECB_02123,0.0836
ECB_04085,0.0593
ECB_03111,0.0958
ECB_04268,0.0529
ECB_03043,0.016
ECB_01263,0.0507
ECB_00421,0.0453
ECB_01688,0.0188
ECB_00014,0.0176
ECB_03203,0.037
ECB_03454,0.0288
ECB_01778,0.0247
ECB_00953,0.034
ECB_00604,0.0194
ECB_03871,0.0356
ECB_00114,0.0333
ECB_02902,0.0172
ECB_03029,0.0156
ECB_03625,0.0135
ECB_00289,0.0529
ECB_00424,0.0286
ECB_00393,0.0706
ECB_03631,0.0168
ECB_00051,0.055
ECB_00368,0.0211
ECB_02864,0.0545
ECB_01735,0.0818
ECB_00116,0.2559
ECB_01970,0.1464
ECB_02418,0.0335
ECB_03649,0.022
ECB_00929,0.0881
ECB_04037,0.0794
ECB_00356,0.026
ECB_03851,0.0725
ECB_03445,0.0999
ECB_02937,0.0103
ECB_02203,0.0296
ECB_00796,0.1015
ECB_03701,0.0287
ECB_02217,0.0473
ECB_03613,0.007
ECB_02667,0.0991
ECB_03756,0.0166
ECB_00351,0.1169
ECB_02107,0.0737
ECB_01822,0.0341
ECB_04026,0.0245
ECB_01752,0.0061
ECB_03201,0.0409
ECB_02211,0.0289
ECB_02609,0.048
ECB_02463,0.0188
ECB_01200,0.0868
ECB_00976,0.0469
ECB_00457,0.0204
ECB_00401,0.0687
ECB_02653,0.042
ECB_01837,0.0315
ECB_00400,0.0618
ECB_01878,0.0252
ECB_00683,0.0097
ECB_00085,0.0197
ECB_00891,0.0558
ECB_00833,0.0143
ECB_02118,0.0763
ECB_02114,0.0242
ECB_00909,0.0388
ECB_00959,0.0878
ECB_00918,0.0176
ECB_02936,0.0834
ECB_03296,0.0477
ECB_01166,0.0456
ECB_03888,0.0422
ECB_00761,0.0471
ECB_04091,0.0543
ECB_01847,0.0258
ECB_03840,0.0615
ECB_02724,0.0507
ECB_01775,0.034
ECB_02316,0.0155
ECB_00079,0.0428
ECB_03254,0.3611
ECB_00890,0.0828
ECB_00876,0.0332
ECB_00193,0.025
ECB_02063,0.0506
ECB_02608,0.0292
ECB_02571,0.0144
ECB_03513,0.1181
ECB_02870,0.0353
ECB_01670,0.1073
ECB_02360,0.0721
ECB_00065,0.058
ECB_00397,0.1424
ECB_04006,0.0773
ECB_01437,0.0403
ECB_01172,0.109
ECB_03396,0.0583
ECB_02096,0.0394
ECB_03555,0.0447
ECB_00852,0.0173
ECB_02055,0.0507
ECB_03461,0.0296
ECB_03504,0.2161
ECB_01456,0.7637
ECB_01181,0.0391
ECB_03386,0.0983
ECB_00429,0.027
ECB_00655,0.0862
ECB_00915,0.0024
ECB_02191,0.0487
ECB_00616,0.1099
ECB_04267,0.014
ECB_00468,0.1055
ECB_00637,0.0179
ECB_00631,0.0316
ECB_02504,0.0458
ECB_03568,0.0666
ECB_02921,0.0403
ECB_01857,0.1313
ECB_03946,0.1517
ECB_00589,0.0746
ECB_00881,0.0561
ECB_04232,0.0751
ECB_04107,0.0983
ECB_00071,0.084
ECB_02183,0.2015
ECB_00878,0.0188
ECB_00431,0.9211
ECB_03939,0.018
ECB_03937,0.0275
ECB_03367,0.0451
ECB_03897,0.0281
ECB_04013,0.0054
ECB_03646,0.0407
ECB_03589,0.0242
ECB_03993,0.0324
ECB_01581,0.0247
ECB_01078,0.1381
ECB_01271,0.0539
ECB_03985,0.102
ECB_02138,0.0565
ECB_01896,0.1078
ECB_00645,0.0141
ECB_03728,0.0314
ECB_00955,0.0634
ECB_01378,0.1347
ECB_03892,0.0384
ECB_01217,0.0911
ECB_02167,0.0404
ECB_01381,0.0618
ECB_04054,0.0808
ECB_03255,0.034
ECB_02468,0.057
ECB_01307,0.035
ECB_00561,0.0825
ECB_00069,0.0592
ECB_03395,0.0382
ECB_03886,0.0549
ECB_03273,0.0959
ECB_01785,0.1595
ECB_01237,0.0156
ECB_01663,0.0433
ECB_00787,0.0172
ECB_04250,0.0175
ECB_02110,0.0858
ECB_03883,0.0303
ECB_00285,0.1362
ECB_01969,0.0536
ECB_00782,0.0955
ECB_02202,0.0173
ECB_02399,0.0054
ECB_00076,0.0391
ECB_02993,0.0325
ECB_03384,0.1158
ECB_00692,0.0226
ECB_00041,0.093
ECB_00575,0.0274
ECB_01238,0.0573
ECB_04222,0.026
ECB_02543,0.0349
ECB_02106,0.1843
ECB_01786,0.0481
ECB_04256,0.054
ECB_03644,0.0876
ECB_00408,0.2293
ECB_00122,0.0892
ECB_04034,0.1209
ECB_01425,0.0309
ECB_00981,0.0597
ECB_03905,0.0512
ECB_03650,0.0242
ECB_03470,0.027
ECB_01161,0.0473
ECB_01300,0.0427
ECB_02394,0.045
ECB_03618,0.0065
ECB_02541,0.0216
ECB_01203,0.0383
ECB_03443,0.0183
ECB_00625,0.0719
ECB_04004,0.3114
ECB_04028,0.0726
ECB_01045,0.0326
ECB_01572,0.044
ECB_03635,0.0193
ECB_01163,0.0168
ECB_00583,0.0656
ECB_02223,0.0422
ECB_02941,0.097
ECB_02078,0.0205
ECB_02237,0.0191
ECB_02722,0.0304
ECB_00159,0.064
ECB_02559,0.0707
ECB_00044,0.0189
ECB_04126,0.0093
ECB_01018,0.0279
ECB_03811,0.0251
ECB_01583,0.1171
ECB_03277,0.0529
ECB_00064,0.0233
ECB_03982,0.0223
ECB_01604,0.0505
ECB_03552,0.0483
ECB_01357,0.5601
ECB_03342,0.0404
ECB_01410,0.0507
ECB_03630,0.078
ECB_03313,0.0852
ECB_03432,0.0803
ECB_03375,0.0743
ECB_03734,0.0233
ECB_01755,0.2217
ECB_03084,0.0283
ECB_03719,0.6244
ECB_00086,0.0484
ECB_01652,0.0193
ECB_03036,0.0277
ECB_03657,0.0654
ECB_02907,0.0502
ECB_00797,0.0525
ECB_00669,0.0705
ECB_01715,0.1021
ECB_01952,0.0894
ECB_00092,0.0284
ECB_03652,0.0076
ECB_01823,0.0141
ECB_00469,0.0329
ECB_00384,0.0544
ECB_02773,0.0152
ECB_00713,0.064
ECB_02403,0.0145
ECB_04229,0.0075
ECB_03790,0.1114
ECB_02085,0.0295
ECB_03345,0.0606
ECB_03106,0.0175
ECB_01501,0.1248
ECB_02068,0.103
ECB_02400,0.0102
ECB_02386,0.0425
ECB_00580,0.0285
ECB_01127,0.0807
ECB_04192,0.1465
ECB_01223,0.0261
ECB_00232,0.0431
ECB_03740,0.0149
ECB_04001,0.1087
ECB_04108,0.0542
ECB_00461,0.0509
ECB_03416,0.0902
ECB_01894,0.0575
ECB_03629,0.0681
ECB_00288,0.0348
ECB_03116,0.0353
ECB_00371,0.0174
ECB_02517,0.0619
ECB_02654,0.0906
ECB_03512,0.0245
ECB_03104,0.0281
ECB_01825,0.0099
ECB_01806,0.0973
ECB_02560,0.0391
ECB_02733,0.0236
ECB_01675,0.107
ECB_01955,0.0526
ECB_03942,0.0487
ECB_04009,0.0135
ECB_02922,0.0392
ECB_00723,0.6556
ECB_03047,0.0338
ECB_03067,0.0285
ECB_03281,0.0333
ECB_00903,0.0363
ECB_00874,0.1011
ECB_00007,0.157
ECB_02601,0.0705
ECB_01982,0.0751
ECB_03725,0.0729
ECB_02448,0.0836
ECB_01914,0.0395
ECB_04275,0.1249
ECB_01401,0.1011
ECB_00160,0.0387
ECB_00629,0.0086
ECB_01865,0.0655
ECB_02329,0.5805
ECB_00115,0.0071
ECB_00154,0.1352
ECB_01043,0.1094
ECB_00668,0.1325
ECB_03078,0.0245
ECB_04071,0.3479
ECB_02689,0.0172
ECB_03924,0.0431
ECB_02306,0.0277
ECB_01645,0.0238
ECB_02889,0.0358
ECB_04080,0.0205
ECB_03755,0.0099
ECB_03991,0.0911
ECB_03753,0.0205
ECB_02942,0.0291
ECB_01931,0.022
ECB_00638,0.0474
ECB_03762,0.0495
ECB_01396,0.0827
ECB_02342,0.0591
ECB_02346,0.0371
ECB_03585,0.0204
ECB_01580,0.0522
ECB_02519,0.0482
ECB_03847,0.0147
ECB_00074,0.0315
ECB_00934,0.0332
ECB_04060,0.0098
ECB_03366,0.1077
ECB_01298,0.0364
ECB_01953,0.0594
ECB_03786,0.2768
ECB_01949,0.134
ECB_01201,0.0332
ECB_03550,0.0251
ECB_01698,0.0222
ECB_03446,0.0804
ECB_01482,0.1153
ECB_01571,0.0232
ECB_01427,0.0873
ECB_00106,0.2137
ECB_00462,0.0314
ECB_03881,0.0632
ECB_01917,0.0042
ECB_00476,0.0307
ECB_00591,0.0384
ECB_03674,0.027
ECB_01574,0.0383
ECB_03515,0.0494
ECB_03616,0.0021
ECB_04265,0.0091
ECB_01744,0.0322
ECB_03916,0.0659
ECB_03140,0.004
ECB_00537,0.0389
ECB_04224,0.0675
ECB_03880,0.1784
ECB_01799,0.0605
ECB_03752,0.0419
ECB_00350,0.0226
ECB_00533,0.6527
ECB_01320,0.0784
ECB_04101,0.02
ECB_03219,0.0536
ECB_03845,0.0319
ECB_00111,0.0445
ECB_01634,0.0431
ECB_03797,0.0152
ECB_01954,0.0589
ECB_02401,0.0732
ECB_01129,0.0238
ECB_03614,0.052
ECB_02642,0.0332
ECB_03936,0.011
ECB_03094,0.0584
ECB_01784,0.0319
ECB_03590,0.0277
ECB_03267,0.0133
ECB_02979,0.0882
ECB_02640,0.0302
ECB_00375,0.0649
ECB_00142,0.0489
ECB_00764,0.0444
ECB_04233,0.8964
ECB_01986,0.0193
ECB_01782,0.1606
ECB_02499,0.0089
ECB_02341,0.0119
ECB_01236,0.0779
ECB_02166,0.0154
ECB_01883,0.3913
ECB_00204,0.0451
ECB_01706,0.027
ECB_00087,0.0751
ECB_01738,0.1141
ECB_02018,0.0952
ECB_02479,0.033
ECB_02187,0.1322
ECB_03546,0.0802
ECB_03990,0.0318
ECB_03256,0.0238
ECB_04103,0.0241
ECB_00174,0.0708
ECB_01703,0.0499
ECB_03672,0.0311
ECB_03349,0.0271
ECB_01975,0.0726
ECB_02634,0.0178
ECB_03896,0.036
ECB_03114,0.0196
ECB_02898,0.1311
ECB_02268,0.0424
ECB_01380,0.0742
ECB_03038,0.0184
ECB_01714,0.0953
ECB_01730,0.0407
ECB_00896,0.0171
ECB_04089,0.0413
ECB_03908,0.1142
ECB_02633,0.0217
ECB_02632,0.019
ECB_03994,0.0107
ECB_03287,0.0138
ECB_02275,0.0379
ECB_04036,0.095
ECB_03986,0.0353
ECB_03598,0.0174
ECB_02209,0.0062
ECB_03041,0.0194
ECB_02470,0.0438
ECB_04003,0.058
ECB_02446,0.0258
ECB_03816,0.0163
ECB_02983,0.0309
ECB_02666,0.0389
ECB_00049,0.0836
ECB_03738,0.0248
ECB_03151,0.0011
ECB_02389,0.0293
ECB_02276,0.0709
ECB_00802,0.0132
ECB_02740,0.0449
ECB_00260,0.1723
ECB_04258,0.025
ECB_03417,0.0342
ECB_00926,0.011
ECB_03371,0.0353
ECB_03551,0.0479
ECB_00648,0.0297
ECB_04131,0.0293
ECB_00349,0.0279
ECB_01893,0.6321
ECB_00089,0.0445
ECB_03302,0.0484
ECB_03282,0.0458
ECB_03949,0.0319
ECB_04169,0.0244
ECB_02977,0.0904
ECB_02266,0.0412
ECB_00428,0.0323
ECB_01105,0.014
ECB_03887,0.0231
ECB_01578,0.1226
ECB_04008,0.0312
ECB_02630,0.0997
ECB_00463,0.1287
ECB_02924,0.0957
ECB_00186,0.1586
ECB_04044,0.0042
ECB_01164,0.055
ECB_00387,0.0237
ECB_02624,0.0064
ECB_02481,0.0502
ECB_02192,0.136
ECB_00348,0.0505
ECB_03574,0.0534
ECB_00700,0.0246
ECB_00897,0.0123
ECB_00741,0.081
ECB_02641,0.0213
ECB_01668,0.123
ECB_02172,0.047
ECB_03139,0.0747
ECB_04230,0.1037
ECB_03882,0.033
ECB_00057,0.0437
ECB_00047,0.0666
ECB_03376,0.026
ECB_00004,0.0416
ECB_00403,0.0461
ECB_03240,0.1223
ECB_00291,0.1166
ECB_01753,0.026
ECB_00912,0.0653
ECB_02415,0.0506
ECB_00680,0.0203
ECB_01804,0.076
ECB_01502,0.1011
ECB_00725,0.0714
ECB_04205,0.0607
ECB_02427,0.1886
ECB_01278,0.6853
ECB_02997,0.4214
ECB_04040,0.0134
ECB_01951,0.2184
ECB_02518,0.068
ECB_00153,0.0171
ECB_03305,0.0303
ECB_02026,0.0277
ECB_03430,0.0609
ECB_02201,0.0263
ECB_03490,0.0188
ECB_00389,0.0067
ECB_01607,0.0212
ECB_02406,0.0258
ECB_03390,0.0715
ECB_01650,0.1351
ECB_01159,0.3145
ECB_02516,0.0661
ECB_02240,0.0827
ECB_02978,0.0148
ECB_03789,0.0315
ECB_03658,0.0158
ECB_01660,0.0778
ECB_00788,0.0864
ECB_00699,0.2237
ECB_00095,0.0024
ECB_02587,0.1386
ECB_03665,0.0555
ECB_02686,0.0634
ECB_01827,0.0438
ECB_02168,0.1205
ECB_03471,0.0483
ECB_00290,0.1092
ECB_03054,0.0187
ECB_04041,0.032
ECB_03661,0.0033
ECB_04011,0.1915
ECB_01185,0.0289
ECB_02299,0.1333
ECB_01561,0.1363
ECB_02794,0.3224
ECB_02665,0.0287
ECB_03424,0.0418
ECB_00954,0.0664
ECB_01198,0.1413
ECB_02443,0.0369
ECB_01565,0.0488
ECB_00240,0.0855
ECB_00558,0.054
ECB_01134,0.0215
ECB_03670,0.0699
ECB_03834,0.0361
ECB_00538,0.0575
ECB_03028,0.0282
ECB_01979,0.1103
ECB_00234,0.055
ECB_01114,0.0478
ECB_02958,0.0381
ECB_00090,0.0546
ECB_01922,0.033
ECB_01091,0.0299
ECB_03765,0.0415
ECB_00756,0.0743
ECB_03243,0.0877
ECB_00577,0.0542
ECB_02075,0.1002
ECB_02289,0.0241
ECB_02926,0.0531
ECB_02301,0.0382
ECB_00466,0.0639
ECB_03675,0.4414
ECB_00794,0.0782
ECB_02076,0.0361
ECB_00809,0.05
ECB_04266,0.0307
ECB_02744,0.0187
ECB_04206,0.0833
ECB_00920,0.1498
ECB_02693,0.0619
ECB_00129,0.1138
ECB_02989,0.0778
ECB_01125,0.033
ECB_02493,0.1571
ECB_02343,0.0134
ECB_03272,0.0651
ECB_01049,0.0549
ECB_04259,0.0383
ECB_01956,0.0894
ECB_00430,0.0366
ECB_02982,0.1186
ECB_02248,0.0152
ECB_00633,0.0321
ECB_01649,0.0763
ECB_01563,0.0435
ECB_01717,0.0903
ECB_03210,0.0508
ECB_01950,0.0884
ECB_03496,0.0426
ECB_00324,0.0456
ECB_00686,0.0176
ECB_03322,0.06
ECB_02215,0.0184
ECB_01963,0.1189
ECB_02173,0.0183
ECB_01962,0.0332
ECB_04141,0.3179
ECB_01550,0.0276
ECB_02422,0.0125
ECB_03572,0.1197
ECB_01631,0.1039
ECB_00307,0.5852
ECB_00601,0.0255
ECB_01875,0.0773
ECB_00812,0.0708
ECB_01061,0.0431
ECB_02661,0.0623
ECB_03678,0.0724
ECB_03511,0.0384
ECB_01072,0.0724
ECB_02302,0.0111
ECB_00935,0.0482
ECB_03341,0.0787
ECB_02175,0.0685
ECB_00105,0.2269
ECB_02738,0.0742
ECB_02533,0.0282
ECB_00806,0.04
ECB_02221,0.0121
ECB_00346,0.1031
ECB_01112,0.0346
ECB_02501,0.0222
ECB_03677,0.0207
ECB_00171,0.0631
ECB_04123,0.5333
ECB_02704,0.441
ECB_03475,0.0192
ECB_00414,0.05
ECB_02683,0.0717
ECB_03926,0.0689
ECB_02169,0.0298
ECB_01989,0.2746
ECB_03906,0.0319
ECB_03463,0.0373
ECB_02444,0.0506
ECB_04136,0.2975
ECB_00932,0.025
ECB_02112,0.0358
ECB_01485,0.0665
ECB_01493,0.1501
ECB_02881,0.0839
ECB_02344,0.0785
ECB_00344,0.0851
ECB_02692,0.051
ECB_03856,0.0012
ECB_02099,0.0588
ECB_03190,0.0012
ECB_04191,0.0476
ECB_03557,0.0419
ECB_03215,0.0492
ECB_01760,0.1195
ECB_03636,0.0199
ECB_02871,0.0196
ECB_01820,0.0719
ECB_02739,0.1253
ECB_02247,0.0679
ECB_03421,0.0436
ECB_04201,0.1875
ECB_02404,0.0481
ECB_03594,0.152
ECB_01391,0.1527
ECB_01582,0.0909
ECB_00560,0.102
ECB_00630,0.0872
ECB_00743,0.1388
ECB_04197,0.1144
ECB_00999,0.0539
ECB_03048,0.0208
ECB_02540,0.0586
ECB_01257,0.0334
ECB_00287,0.0199
ECB_01627,0.6369
ECB_00018,0.0356
ECB_00687,0.0075
ECB_01930,0.0629
ECB_01913,0.0674
ECB_02884,0.07
ECB_04053,0.0566
ECB_03736,0.0235
ECB_02757,0.0114
ECB_00568,0.0853
ECB_03825,0.0152
ECB_02488,0.0497
ECB_02910,0.0294
ECB_02060,0.1664
ECB_02081,0.1076
ECB_03123,0.0631
ECB_00323,0.0509
ECB_02179,0.1212
ECB_01044,0.1104
ECB_00161,0.0244
ECB_02772,0.0123
ECB_02409,0.0203
ECB_01664,0.0251
ECB_03842,0.0396
ECB_03444,0.5309
ECB_02644,0.0563
ECB_00096,0.0063
ECB_00710,0.052
ECB_03455,0.0378
ECB_01632,0.0499
ECB_00180,0.0281
ECB_03575,0.044
ECB_00036,0.028
ECB_00902,0.0668
ECB_01851,0.0561
ECB_00634,0.0399
ECB_00464,0.124
ECB_00043,0.0117
ECB_01968,0.0353
ECB_02428,0.0676
ECB_04033,0.061
ECB_00693,0.0402
ECB_02592,0.0747
ECB_02953,0.0516
ECB_02245,0.0648
ECB_02785,0.0561
ECB_01124,0.0333
ECB_00982,0.1276
ECB_00860,0.0398
ECB_03866,0.0602
ECB_01348,0.112
ECB_02561,0.0895
ECB_00554,0.1903
ECB_00760,0.0339
ECB_03669,0.0441
ECB_00015,0.0207
ECB_03664,0.0761
ECB_02098,0.0571
ECB_02161,0.0111
ECB_01264,0.4141
ECB_00864,0.073
ECB_02363,0.03
ECB_00354,0.0136
ECB_03092,0.0878
ECB_01774,0.0862
ECB_03488,0.057
ECB_03136,0.2016
ECB_03335,0.0473
ECB_00551,0.1841
ECB_02579,0.031
ECB_01959,0.0211
ECB_04171,0.0972
ECB_01126,0.0336
ECB_02489,0.0266
ECB_00975,0.0392
ECB_00542,0.0902
ECB_02407,0.0063
ECB_00785,0.109
ECB_04142,0.2865
ECB_01055,0.0907
ECB_00332,0.1366
ECB_03907,0.0215
ECB_00883,0.0964
ECB_01657,0.0642
ECB_00859,0.0274
ECB_00603,0.0092
ECB_00310,0.1231
ECB_00951,0.0796
ECB_01610,0.0856
ECB_02043,0.0205
ECB_03307,0.0527
ECB_00759,0.0279
ECB_04177,0.5291
ECB_03379,0.1053
ECB_01131,0.0216
ECB_00239,0.0157
ECB_00971,0.0406
ECB_03309,0.0332
ECB_00362,0.0671
ECB_03285,0.0194
ECB_03109,0.0337
ECB_03831,0.0537
ECB_03662,0.0746
ECB_02657,0.0309
ECB_03850,0.0348
ECB_01194,0.0401
ECB_04127,0.0251
ECB_03584,0.0247
ECB_01620,0.0551
ECB_02322,0.0387
ECB_01186,0.0184
ECB_02664,0.0516
ECB_01076,0.0438
ECB_02737,0.0322
ECB_02108,0.0216
ECB_00325,0.0812
ECB_00328,0.0657
ECB_00453,0.1377
ECB_03983,0.087
ECB_00075,0.037
ECB_01178,0.0276
ECB_03241,0.0406
ECB_00911,0.0603
ECB_00602,0.1018
ECB_00567,0.1261
ECB_01947,0.0623
ECB_02551,0.0391
ECB_02254,0.0244
ECB_03299,0.0787
ECB_00088,0.0109
ECB_04128,0.0178
ECB_01629,0.0195
ECB_02793,0.0454
ECB_02756,0.0076
ECB_01900,0.1378
ECB_03671,0.0972
ECB_03925,0.0518
ECB_00628,0.0109
ECB_02165,0.0569
ECB_01745,0.0216
ECB_03583,0.0275
ECB_04253,0.0848
ECB_02490,0.0216
ECB_01923,0.0666
ECB_00353,0.0342
ECB_00726,0.5878
ECB_01165,0.0814
ECB_00945,0.829
ECB_01086,0.0337
ECB_01924,0.0281
ECB_00091,0.0473
ECB_03666,0.0713
ECB_00472,0.0769
ECB_03095,0.0466
ECB_03337,0.0776
ECB_03874,0.0135
ECB_04059,0.0168
ECB_02534,0.0517
ECB_02140,0.1809
ECB_02385,0.03
ECB_03474,0.0109
ECB_02549,0.0133
ECB_01299,0.0684
ECB_01409,0.0514
ECB_01911,0.1194
ECB_03489,0.2058
ECB_03311,0.0419
ECB_00718,0.0432
ECB_00586,0.0791
ECB_01600,0.0781
ECB_03781,0.1914
ECB_00226,0.0493
ECB_02141,0.1144
ECB_02337,0.0402
ECB_02791,0.0584
ECB_00707,0.0248
ECB_04031,0.0279
ECB_02121,0.1571
ECB_02025,0.0212
ECB_01051,0.0618
ECB_02595,0.0639
ECB_01248,0.0658
ECB_03754,0.0436
ECB_03323,0.0638
ECB_04135,0.0456
ECB_00467,0.0752
ECB_01854,0.0225
ECB_02087,0.0667
ECB_01121,0.0359
ECB_02787,0.039
ECB_00675,0.118
ECB_01673,0.0516
ECB_00711,0.0405
ECB_03477,0.043
ECB_01058,0.0563
ECB_03663,0.0483
ECB_00703,0.0692
ECB_01743,0.0389
ECB_00104,0.0319
ECB_03110,0.0004
ECB_02357,0.1454
ECB_01733,0.0423
ECB_03612,0.0385
ECB_02682,0.0523
ECB_02017,0.2164
ECB_02080,0.0688
ECB_00961,0.0401
ECB_00709,0.0732
ECB_02876,0.3243
ECB_01593,0.0435
ECB_03291,0.047
ECB_02603,0.0832
ECB_00238,0.0625
ECB_02391,0.0452
ECB_01406,0.0869
ECB_03921,0.0527
ECB_02475,0.0742
ECB_03793,0.0406
ECB_02369,0.0453
ECB_01570,0.0745
ECB_03473,0.1151
ECB_01716,0.0443
ECB_00609,0.0656
ECB_02685,0.0511
ECB_01308,0.137
ECB_04246,0.0632
ECB_03101,0.0364
ECB_00198,0.0248
ECB_04133,0.0994
ECB_00832,0.0734
ECB_00997,0.2382
ECB_04016,0.0694
ECB_03853,0.1099
ECB_03481,0.6092
ECB_00177,0.0238
ECB_02109,0.05
ECB_03819,0.0674
ECB_01103,0.0454
ECB_03394,0.0121
ECB_04235,0.4011
ECB_01473,0.0947
ECB_03704,0.1025
ECB_03204,0.0945
ECB_01549,0.1532
ECB_02758,0.0339
ECB_03466,0.0242
ECB_03062,0.0445
ECB_02308,0.1323
ECB_02325,0.0317
ECB_04262,0.0613
ECB_01736,0.031
ECB_02349,0.0697
ECB_00712,0.0212
ECB_03271,0.2475
ECB_03486,0.4111
ECB_01220,0.0409
ECB_00815,0.4227
ECB_02408,0.0995
ECB_01211,0.0464
ECB_02934,0.026
ECB_02564,0.5359
ECB_00873,0.0338
ECB_03370,0.0858
ECB_02244,0.0629
ECB_02077,0.0141
ECB_03810,0.0317
ECB_00949,0.0271
ECB_01831,0.0199
ECB_01436,0.0422
ECB_02116,0.0209
ECB_02786,0.2398
ECB_03027,0.0276
ECB_00081,0.0058
ECB_01095,0.1414
ECB_01886,0.0617
ECB_04120,0.0608
ECB_02956,0.0966
ECB_01221,0.0247
ECB_04042,0.0224
ECB_03843,0.0524
ECB_01647,0.0994
ECB_02027,0.1088
ECB_03236,0.0185
ECB_00557,0.0754
ECB_03391,0.0222
ECB_01592,0.0584
ECB_00875,0.064
ECB_01748,0.0054
ECB_03639,0.059
ECB_02079,0.0398
ECB_02309,0.0587
ECB_00762,0.0667
ECB_04100,0.0151
ECB_03427,0.0569
ECB_04130,0.0528
ECB_03025,0.0157
ECB_03413,0.1065
ECB_02246,0.2861
ECB_03289,0.0172
ECB_00720,0.0521
ECB_00882,0.3745
ECB_02535,0.0981
ECB_01268,0.0185
ECB_00556,0.0777
ECB_01386,0.0746
ECB_02591,0.0044
ECB_03628,0.0293
ECB_03146,0.0001
ECB_00748,0.0383
ECB_02984,0.0246
ECB_01352,0.0304
ECB_00056,0.0405
ECB_03802,0.0297
ECB_02971,0.0348
ECB_02872,0.0249
ECB_03745,0.0789
ECB_02312,0.0956
ECB_02103,0.0756
ECB_03431,0.0727
ECB_03923,0.0594
ECB_01319,0.0438
ECB_03795,0.5321
ECB_01683,0.013
ECB_01929,0.1771
ECB_03392,0.0278
ECB_00070,0.0498
ECB_01680,0.0505
ECB_01740,0.0709
ECB_01385,0.2362
ECB_02780,0.1483
ECB_03478,0.1107
ECB_02484,0.0339
ECB_02730,0.0793
ECB_02515,0.0829
ECB_00365,0.0851
ECB_01280,0.0759
ECB_03061,0.0722
ECB_00483,0.2094
ECB_04027,0.041
ECB_02207,0.0214
ECB_00319,0.0307
ECB_02462,0.0318
ECB_00367,0.0402
ECB_01251,0.0264
ECB_03112,0.0702
ECB_03403,0.1098
ECB_04082,0.1267
ECB_02659,0.0076
ECB_01787,0.0228
ECB_03369,0.2219
ECB_01826,0.0359
ECB_01842,0.0411
ECB_00357,0.023
ECB_02314,0.0147
ECB_03052,0.0204
ECB_00877,0.0628
ECB_01713,0.2325
ECB_04202,0.6951
ECB_04264,0.0326
ECB_02180,0.0746
ECB_04030,0.0362
ECB_02580,0.0528
ECB_02558,0.0414
ECB_03854,0.0467
ECB_00795,0.0682
ECB_01302,0.0884
ECB_01958,0.0532
ECB_00892,0.0176
ECB_02028,0.1638
ECB_02957,0.0552
ECB_03118,0.019
ECB_01270,0.0467
ECB_00597,0.0161
ECB_02298,0.0326
ECB_03049,0.0372
ECB_02188,0.0707
ECB_01109,0.0817
ECB_00767,0.1017
ECB_00426,0.067
ECB_03801,0.0209
ECB_03472,0.1223
ECB_03818,0.0965
ECB_00427,0.1658
ECB_00183,0.0137
ECB_02532,0.0751
ECB_01082,0.0156
ECB_02553,0.0296
ECB_03611,0.0117
ECB_03595,0.076
ECB_03945,0.0895
ECB_02465,0.0572
ECB_04218,0.0479
ECB_00755,0.0689
ECB_00559,0.1448
ECB_02883,0.0892
ECB_00519,0.4889
ECB_00861,0.0439
ECB_01087,0.0309
ECB_00008,0.0268
ECB_03707,0.0515
ECB_01079,0.0997
ECB_00598,0.2311
ECB_00033,0.0352
ECB_02777,0.0504
ECB_02355,0.0565
ECB_01310,0.0227
ECB_03855,0.0205
ECB_04038,0.0368
ECB_03692,0.0135
ECB_04109,0.0648
ECB_02069,0.0651
ECB_00383,0.0245
ECB_03138,0.0485
ECB_01182,0.003
ECB_01741,0.0669
ECB_01573,0.0561
ECB_00078,0.0746
ECB_03033,0.0327
ECB_01210,0.0959
ECB_00034,0.1355
ECB_03680,0.0677
ECB_01077,0.0945
ECB_00029,0.0595
ECB_00705,0.0897
ECB_00083,0.0215
ECB_00046,0.1049
ECB_02214,0.0834
ECB_03792,0.1389
ECB_02097,0.0076
ECB_02985,0.0604
ECB_01030,0.1401
ECB_03096,0.0292
ECB_00617,0.0387
ECB_02274,0.0496
ECB_04113,0.0294
ECB_03637,0.0132
ECB_02142,0.1256
ECB_01321,0.0263
ECB_02687,0.0894
ECB_01769,0.5391
ECB_00672,0.0897
ECB_02255,0.0287
ECB_00003,0.0366
ECB_02064,0.0285
ECB_01899,0.1392
ECB_02273,0.0662
ECB_01630,0.0533
ECB_01828,0.0657
ECB_01481,0.0463
ECB_03748,0.1101
ECB_03476,0.0205
ECB_03776,0.0436
ECB_03374,0.0481
ECB_03648,0.0122
ECB_01579,0.1259
ECB_01692,0.04
ECB_01088,0.0382
ECB_03076,0.0272
ECB_03103,0.0278
ECB_03885,0.0267
ECB_01918,0.0718
ECB_03638,0.0671
ECB_00143,0.1243
ECB_03306,0.0103
ECB_02059,0.0946
ECB_00454,0.0898
ECB_01860,0.0538
ECB_03764,0.3598
ECB_00791,0.0604
ECB_00126,0.0284
ECB_03815,0.03
ECB_00774,0.1057
ECB_03543,0.0581
ECB_02572,0.0536
ECB_01379,0.1019
ECB_01064,0.1117
ECB_03909,0.051
ECB_02767,0.0125
ECB_01050,0.0966
ECB_02288,0.0522
ECB_00786,0.0442
ECB_01003,0.0692
ECB_00093,0.0557
ECB_01218,0.019
ECB_02195,0.1077
ECB_00440,0.0231
ECB_03846,0.0222
ECB_01898,0.7013
ECB_00097,0.0077
ECB_02061,0.0655
ECB_01477,0.0989
ECB_02241,0.0124
ECB_00201,0.0498
ECB_01167,0.1331
ECB_00342,0.0408
ECB_00373,0.073
ECB_01665,0.1201
ECB_02321,0.033
ECB_02931,0.3859
ECB_03411,0.0015
ECB_00799,0.05
ECB_04196,0.1067
ECB_00843,0.0537
ECB_00584,0.0222
ECB_00623,0.0325
ECB_00904,0.6015
ECB_01212,0.0141
ECB_00343,0.602
ECB_01219,0.0207
ECB_03989,0.0651
ECB_02602,0.0137
ECB_02586,0.1216
ECB_00747,0.0535
ECB_02460,0.0119
ECB_00019,0.0386
ECB_03800,0.0448
ECB_03393,0.0343
ECB_04207,0.1888
ECB_03778,0.0356
ECB_03706,0.051
ECB_00369,0.0548
ECB_01492,0.0996
ECB_00879,0.0573
ECB_01921,0.0276
ECB_02336,0.0486
ECB_02015,0.0877
ECB_01946,0.075
ECB_02331,0.0298
ECB_01617,0.0594
ECB_02974,0.0177
ECB_03768,0.091
ECB_03687,0.0533
ECB_02328,0.4148
ECB_03767,0.0845
ECB_02726,0.0283
ECB_00471,0.0797
ECB_00040,0.0343
ECB_03085,0.0557
ECB_03651,0.0109
ECB_02229,0.0842
ECB_02747,0.0163
ECB_00108,0.0828
ECB_00923,0.0512
ECB_01564,0.1118
ECB_01948,0.0353
ECB_03698,0.0519
ECB_02990,0.0127
ECB_03827,0.0214
ECB_00151,0.1179
ECB_01269,0.0308
ECB_02182,0.1869
ECB_03904,0.0351
ECB_00379,0.0244
ECB_03610,0.0217
ECB_00286,0.0479
ECB_04223,0.0831
ECB_00780,0.0611
ECB_03301,0.0305
ECB_02340,0.0514
ECB_01861,0.0389
ECB_01710,0.1108
ECB_03120,0.1225
ECB_02072,0.0716
ECB_01749,0.1027
ECB_02878,0.0435
ECB_01433,0.0358
ECB_03030,0.0193
ECB_02471,0.1177
ECB_01945,0.0387
ECB_01800,0.0161
ECB_01240,0.0526
ECB_01483,0.0947
ECB_02086,0.0493
ECB_03117,0.0243
ECB_02426,0.1961
ECB_03253,0.0396
ECB_00581,0.1601
ECB_03231,0.7572
ECB_03837,0.1525
ECB_00459,0.0457
ECB_00066,0.0383
ECB_02503,0.0244
ECB_02370,0.0464
ECB_01789,0.0442
ECB_03577,0.1108
ECB_00626,0.014
ECB_03026,0.0395
ECB_03766,0.0703
ECB_01245,0.0175
ECB_02676,0.0402
ECB_03082,0.1749
ECB_01474,0.0532
ECB_03912,0.0339
ECB_01811,0.2795
ECB_03771,0.032
ECB_02577,0.0274
ECB_03894,0.0488
ECB_04272,0.0382
ECB_03700,0.0468
ECB_04015,0.3075
ECB_03206,0.0128
ECB_02335,0.0378
ECB_01824,0.0406
ECB_00688,0.0234
ECB_01661,0.055
ECB_02865,0.0413
ECB_02500,0.0303
ECB_00120,0.027
ECB_00479,0.0239
ECB_03501,0.0163
ECB_02367,0.0392
ECB_02131,0.0576
ECB_04255,0.1219
ECB_00900,0.0601
ECB_03617,0.0158
ECB_01606,0.0568
ECB_02755,0.0488
ECB_04083,0.1318
ECB_01694,0.0405
ECB_03434,0.0493
ECB_03013,0.0117
ECB_01855,0.0709
ECB_02024,0.2256
ECB_00404,0.0422
ECB_03852,0.0477
ECB_02088,0.0647
ECB_00562,0.0638
ECB_00173,0.0216
ECB_00980,0.1863
ECB_00908,0.0207
ECB_00824,0.0379
ECB_02455,0.1064
ECB_02189,0.0161
ECB_01614,0.1073
ECB_03839,0.0649
ECB_00443,0.028
ECB_04064,0.026
ECB_00110,0.0879
ECB_03070,0.005
ECB_03310,0.0162
ECB_01559,0.155
ECB_01750,0.1345
ECB_01190,0.0319
ECB_00261,0.1944
ECB_01183,0.0645
ECB_00132,0.0851
ECB_02318,0.2445
ECB_04228,0.0285
ECB_00168,0.019
ECB_03042,0.0425
ECB_02639,0.0685
ECB_01974,0.1915
ECB_03426,0.0451
ECB_03812,0.0368
ECB_01421,0.1587
ECB_03300,0.0462
ECB_02643,0.0559
ECB_00862,0.0326
ECB_02413,0.1243
ECB_03348,0.0393
ECB_00053,0.0369
ECB_01208,0.0203
ECB_01704,0.0801
ECB_01118,0.0492
ECB_01965,0.0471
ECB_03642,0.0808
ECB_02691,0.0807
ECB_01742,0.0281
ECB_02345,0.0597
ECB_03239,0.0528
ECB_03791,0.1082
ECB_02083,0.0743
ECB_01187,0.1407
ECB_02324,0.0294
ECB_01672,0.0166
ECB_03780,0.0966
ECB_01034,0.0199
ECB_00872,0.1232
ECB_00094,0.0299
ECB_03275,0.0639
ECB_01123,0.0155
ECB_02904,0.0436
ECB_02885,0.0407
ECB_01709,0.0645
ECB_02253,0.0675
ECB_01431,0.0916
ECB_03788,0.046
ECB_03364,0.7469
ECB_01919,0.0574
ECB_01102,0.2363
ECB_00164,0.0158
ECB_03890,0.0431
ECB_03685,0.0225
ECB_00035,0.0641
ECB_02927,0.0171
ECB_03168,0.0034
ECB_01567,0.1676
ECB_00055,0.0291
ECB_03465,0.0207
ECB_01759,0.1727
ECB_00398,0.1195
ECB_00196,0.0154
ECB_03132,0.0859
ECB_01839,0.1068
ECB_00719,0.088
ECB_02911,0.0716
ECB_03622,0.0217
ECB_03436,0.0934
ECB_00456,0.0534
ECB_00059,0.0206
ECB_01625,0.1778
ECB_00811,0.0938
ECB_00555,0.0456
ECB_00789,0.0731
ECB_02243,0.0213
ECB_03580,0.0316
ECB_03198,0.0512
ECB_01150,0.0158
ECB_00333,0.0282
ECB_00444,0.0488
ECB_03717,0.0518
ECB_02252,0.0506
ECB_03060,0.0352
ECB_02350,0.0695
ECB_04226,0.0254
ECB_03492,0.0345
ECB_01189,0.0832
ECB_01792,0.1286
ECB_01092,0.1989
ECB_03218,0.045
ECB_03487,0.1035
ECB_04168,0.0408
ECB_01718,0.0439
ECB_01267,0.0103
ECB_02663,0.0339
ECB_01234,0.0883
ECB_00579,0.1829
ECB_02999,0.6785
ECB_00200,0.0436
ECB_02171,0.0796
ECB_02425,0.0142
ECB_01866,0.1794
ECB_01788,0.0354
ECB_00635,0.027
ECB_00157,0.1209
ECB_02031,0.0601
ECB_00202,0.0143
ECB_03705,0.0514
ECB_01369,0.245
ECB_02257,0.5523
ECB_00150,0.0442
ECB_01890,0.0945
ECB_01096,0.0341
ECB_02585,0.0797
ECB_02675,0.0191
ECB_00133,0.0488
ECB_01122,0.0177
ECB_00119,0.0146
ECB_00433,0.2573
ECB_00166,0.0664
ECB_02626,0.0335
ECB_00674,0.0662
ECB_02326,0.0485
ECB_00702,0.0489
ECB_01798,0.0203
ECB_03086,0.0681
ECB_01303,0.0502
ECB_00776,0.0219
ECB_04244,0.1914
ECB_01265,0.0111
ECB_04225,0.0654
ECB_00595,0.169
ECB_00714,0.0649
ECB_02032,0.2047
ECB_00179,0.0363
ECB_01639,0.3493
ECB_04132,0.0436
ECB_03769,0.063
ECB_00465,0.0417
ECB_03224,0.8671
ECB_00925,0.0638
ECB_01830,0.0212
ECB_00209,0.2031
ECB_02636,0.0563
ECB_02234,0.0093
ECB_03732,0.1071
ECB_03059,0.0223
ECB_02174,0.0727
ECB_04165,0.0553
ECB_02235,0.0473
ECB_01074,0.0035
ECB_04257,0.0203
ECB_04254,0.1459
ECB_02555,0.0111
ECB_00924,0.0702
ECB_03247,0.2633
ECB_00442,0.0742
ECB_03462,0.0717
ECB_04193,0.0646
ECB_03731,0.0531
ECB_01927,0.0333
ECB_00458,0.1047
ECB_02589,0.1266
ECB_00006,0.073
ECB_02414,0.0457
ECB_03844,0.0295
ECB_03873,0.0431
ECB_00359,0.0866
ECB_02912,0.0456
ECB_02557,0.027
ECB_00716,0.0845
ECB_02016,0.2025
ECB_02231,0.0271
ECB_03609,0.0087
ECB_00127,0.0285
ECB_02991,0.0513
ECB_00045,0.0819
ECB_04241,0.0511
ECB_03264,0.1269
ECB_00214,0.1131
ECB_03867,0.0441
ECB_03373,0.1404
ECB_02067,0.1241
ECB_03303,0.0229
ECB_00218,0.0346
ECB_02496,0.0233
ECB_02569,0.0199
ECB_03066,0.008
ECB_03804,0.0171
ECB_03304,0.024
ECB_00112,0.0168
ECB_00067,0.0673
ECB_03718,0.0153
ECB_00913,0.204
ECB_01666,0.1272
ECB_01255,0.1081
ECB_03328,0.8094
ECB_02939,0.1876
ECB_00643,0.0586
ECB_02594,0.0411
ECB_02313,0.0573
ECB_00573,0.1172
ECB_02690,0.0322
ECB_03987,0.1376
ECB_03596,0.1317
ECB_00757,0.0898
ECB_00172,0.0372
ECB_01662,0.1261
ECB_02190,0.1687
ECB_01739,0.0645
ECB_01113,0.0245
ECB_01691,0.0629
ECB_01247,0.0728
ECB_02766,0.0465
ECB_03237,0.0608
ECB_03274,0.0368
ECB_00807,0.0929
ECB_03129,0.3145
ECB_01829,0.0284
ECB_03869,0.0911
ECB_04058,0.0146
ECB_02272,0.0303
ECB_00744,0.2096
ECB_03803,0.1326
ECB_03726,0.0221
ECB_02698,0.0844
ECB_00205,0.1259
ECB_01073,0.0731
ECB_00632,0.0169
ECB_00834,0.0651
ECB_02261,0.3185
ECB_01311,0.0076
ECB_00708,0.0074
ECB_03346,0.0275
ECB_01702,0.1306
ECB_01678,0.1339
ECB_00793,0.0645
ECB_04057,0.2013
ECB_01261,0.0999
ECB_01651,0.0401
ECB_03900,0.1734
ECB_01961,0.203
ECB_00563,0.0677
ECB_03809,0.0524
ECB_00778,0.0167
ECB_02029,0.0409
ECB_01498,0.0681
ECB_00922,0.0316
ECB_01751,0.0896
ECB_02388,0.006
ECB_01901,0.1092
ECB_00102,0.0654
ECB_00670,0.0213
ECB_01229,0.0856
ECB_03298,0.0757
ECB_01089,0.0322
ECB_01841,0.0283
ECB_00219,0.0482
ECB_00622,0.0284
ECB_00139,0.633
ECB_03673,0.0703
ECB_04086,0.0583
ECB_02753,0.0614
ECB_00906,0.0116
ECB_01835,0.0133
ECB_03679,0.1119
ECB_02424,0.0151
ECB_02485,0.0192
ECB_01031,0.0612
ECB_02126,0.0795
ECB_01926,0.0353
ECB_04238,0.028
ECB_02469,0.0987
ECB_01258,0.0774
ECB_02890,0.0313
ECB_01169,0.1964
ECB_00673,0.1328
ECB_02607,0.0321
ECB_02880,0.0631
ECB_04025,0.0203
ECB_02054,0.0368
ECB_02483,0.0784
ECB_02656,0.0636
ECB_02776,0.0513
ECB_04047,0.0135
ECB_00865,0.0504
ECB_00868,0.0243
ECB_02056,0.0999
ECB_02058,0.1062
ECB_00208,0.0343
ECB_02458,0.0369
ECB_03073,0.0993
ECB_01577,0.1029
ECB_02459,0.0349
ECB_00869,0.028
ECB_03608,0.0225
ECB_04185,0.4431
ECB_04242,0.2317
ECB_00169,0.0079
ECB_00167,0.013
ECB_03197,0.0116
ECB_01984,0.0182
ECB_02158,0.0512
ECB_00206,0.0761
ECB_00474,0.1094
ECB_00856,0.078
ECB_04260,0.0154
ECB_03995,0.0601
ECB_02790,0.036
ECB_01226,0.0712
ECB_01162,0.0161
ECB_03257,0.004
ECB_02788,0.069
ECB_02073,0.0361
ECB_00470,0.277
ECB_00704,0.0673
ECB_01895,0.0168
ECB_03688,0.0762
ECB_03500,0.0205
ECB_00867,0.033
ECB_00684,0.0155
ECB_02232,0.0347
ECB_04277,0.0039
ECB_02368,0.0261
ECB_02680,0.0293
ECB_04116,0.1351
ECB_00011,0.0743
ECB_02447,0.256
ECB_03927,0.0706
ECB_02104,0.1117
ECB_01204,0.0648
ECB_02597,0.0591
ECB_01554,0.1826
ECB_00948,0.5362
ECB_03404,0.0705
ECB_02725,0.0982
ECB_00191,0.1523
ECB_02796,0.1108
ECB_00194,0.0717
ECB_02775,0.0687
ECB_00977,0.103
ECB_03686,0.0864
ECB_00614,0.2689
ECB_00145,0.1221
ECB_00889,0.112
ECB_03860,0.0101
ECB_03848,0.0092
ECB_02781,0.0764
ECB_00753,0.0689
ECB_02351,0.054
ECB_02975,0.0953
ECB_03735,0.0492
ECB_03165,0.0001
ECB_04049,0.0619
ECB_02477,0.0737
ECB_03798,0.0148
ECB_01802,0.0389
ECB_00158,0.027
ECB_03398,0.1529
ECB_01075,0.0542
ECB_00068,0.0832
ECB_03238,0.0152
ECB_03010,0.543
ECB_03878,0.1362
ECB_01777,0.0922
ECB_01602,0.051
ECB_03290,0.0322
ECB_02113,0.0353
ECB_01071,0.0811
ECB_00396,0.0361
ECB_01424,0.1083
ECB_02071,0.0536
ECB_00063,0.0243
ECB_03435,0.0419
ECB_02132,0.0267
ECB_01151,0.0896
ECB_01562,0.0339
ECB_00481,0.2744
ECB_00910,0.09
ECB_02688,0.1244
ECB_02955,0.1651
ECB_03641,0.0826
ECB_00998,0.1096
ECB_03760,0.0613
ECB_00347,0.0243
ECB_03950,0.071
ECB_03083,0.1283
ECB_00717,0.0242
ECB_04274,0.0909
ECB_02679,0.0707
ECB_03893,0.0802
ECB_03508,0.0206
ECB_03578,0.0269
ECB_02474,0.053
ECB_04065,0.0498
ECB_04279,0.111
ECB_00446,0.0442
ECB_01499,0.0746
ECB_02233,0.0477
ECB_00914,0.0134
ECB_03459,0.4022
ECB_01884,0.1722
ECB_04199,0.0773
ECB_03265,0.1178
ECB_01423,0.0172
ECB_00590,0.081
ECB_02461,0.0124
ECB_00745,0.1831
ECB_00441,0.1732
ECB_00651,0.0421
ECB_00337,0.1285
ECB_00927,0.0021
ECB_01205,0.0386
ECB_04249,0.0549
ECB_03796,0.1306
ECB_00621,0.0259
ECB_01128,0.0339
ECB_00763,0.0846
ECB_00283,0.0824
ECB_03944,0.0487
ECB_02622,0.0233
ECB_03875,0.0361
ECB_03495,0.087
ECB_01281,0.0518
ECB_03312,0.0302
ECB_03984,0.0498
ECB_03251,0.0877
ECB_01388,0.1015
ECB_00866,0.0354
ECB_02082,0.0194
ECB_00322,0.1992
ECB_01696,0.0726
ECB_03320,0.0564
ECB_01876,0.1141
ECB_01407,0.3495
ECB_01486,0.0511
ECB_03599,0.1158
ECB_03122,0.2076
ECB_04081,0.0639
ECB_02964,0.0266
ECB_03433,0.0582
ECB_02212,0.0042
ECB_00125,0.0611
ECB_02520,0.0679
ECB_00968,0.1003
ECB_02239,0.0783
ECB_03832,0.061
ECB_01815,0.0491
ECB_02127,0.0823
ECB_01817,0.0726
ECB_02745,0.011
ECB_02731,0.0537
ECB_02339,0.0256
ECB_02242,0.0158
ECB_00777,0.0205
ECB_02882,0.0323
ECB_01155,0.0895
ECB_00974,0.0262
ECB_04050,0.1465
ECB_01068,0.2204
ECB_00060,0.0274
ECB_02897,0.0658
ECB_03402,0.0266
ECB_02584,0.338
ECB_00671,0.0794
ECB_01608,0.0461
ECB_01814,0.2438
ECB_01809,0.275
ECB_03074,0.0542
ECB_01133,0.1169
ECB_01998,0.5113
ECB_00539,0.0768
ECB_01434,0.0102
ECB_00197,0.0353
ECB_02913,0.0247
ECB_02139,0.1422
ECB_01037,0.0363
ECB_01199,0.0171
ECB_02466,0.0502
ECB_02218,0.0809
ECB_01888,0.2076
ECB_04063,0.0065
ECB_00415,0.0675
ECB_01063,0.0912
ECB_00931,0.0489
ECB_04271,0.0509
ECB_02120,0.0679
ECB_01622,0.0546
ECB_01060,0.083
ECB_02227,0.1079
ECB_01216,0.034
ECB_02226,0.1257
ECB_00425,0.0227
ECB_04263,0.0548
ECB_01852,0.0457
ECB_01101,0.0673
ECB_03499,0.0195
ECB_01633,0.0542
ECB_01821,0.0189
ECB_01737,0.1234
ECB_01972,0.0193
ECB_01130,0.025
ECB_00599,0.0464
ECB_01094,0.0561
ECB_00608,0.0796
ECB_01230,0.071
ECB_04052,0.2252
ECB_03899,0.0701
ECB_02588,0.0936
ECB_04090,0.0661
ECB_03089,0.0112
ECB_01016,0.1036
ECB_01768,0.0818
ECB_02392,0.0743
ECB_04078,0.0864
ECB_01603,0.0219
ECB_03019,0.0659
ECB_02754,0.0484
ECB_01887,0.101
ECB_03777,0.0192
ECB_03870,0.0556
ECB_03057,0.0407
ECB_03208,0.0022
ECB_01107,0.1192
ECB_03072,0.1357
ECB_00485,0.2082
ECB_04166,0.2437
ECB_03171,0.0091
ECB_00569,0.1535
ECB_02920,0.1595
ECB_03576,0.0912
ECB_02906,0.069
ECB_03044,0.0004
ECB_00963,0.1649
ECB_00901,0.4964
ECB_03746,0.0884
ECB_02390,0.0067
ECB_00805,0.1037
ECB_03317,0.0493
ECB_03505,0.0227
ECB_02128,0.1275
ECB_00388,0.0044
ECB_04243,0.26
ECB_00156,0.0219
ECB_02940,0.1822
ECB_03822,0.2228
ECB_01184,0.045
ECB_02925,0.0454
ECB_04079,0.0267
ECB_03147,0.0022
ECB_02405,0.0568
ECB_03794,0.0118
ECB_03702,0.0476
ECB_03703,0.0687
ECB_00103,0.0685
ECB_01601,0.1001
ECB_01241,0.034
ECB_03830,0.2385
ECB_02929,0.0296
ECB_00899,0.0154
ECB_02574,0.0232
ECB_03503,0.0378
ECB_01214,0.038
ECB_03739,0.0528
ECB_00895,0.0319
ECB_00381,0.0234
ECB_01560,0.1442
ECB_01168,0.0591
ECB_00607,0.1483
ECB_01832,0.0316
ECB_01928,0.0494
ECB_01833,0.1249
ECB_03915,0.0137
ECB_03447,0.0787
ECB_01605,0.1102
ECB_03170,0.0001
ECB_00844,0.048
ECB_02932,0.2219
ECB_00423,0.0247
ECB_01367,0.0778
ECB_03727,0.0643
ECB_02600,0.0943
ECB_04251,0.0527
ECB_00073,0.0462
ECB_00847,0.8668
ECB_03368,0.1669
ECB_02129,0.0589
ECB_02178,0.2097
ECB_03212,0.0825
ECB_03770,0.0651
ECB_01001,0.265
ECB_02216,0.0494
ECB_03805,0.1133
ECB_00808,0.1377
ECB_01007,0.0274
ECB_03750,0.0335
ECB_03948,0.211
ECB_00181,0.0377
ECB_03314,0.0952
ECB_03498,0.0149
ECB_00258,0.0913
ECB_04117,0.3842
ECB_03107,0.0935
ECB_02502,0.0377
ECB_01387,0.0986
ECB_02784,0.0431
ECB_03553,0.0099
ECB_03200,0.0187
ECB_03876,0.0256
ECB_01246,0.0578
ECB_01254,0.0251
ECB_00039,0.0989
ECB_03016,0.01
ECB_01697,0.0655
ECB_00372,0.0303
ECB_01925,0.0557
ECB_02065,0.043
ECB_00009,0.0437
ECB_03456,0.0479
ECB_03324,0.1245
ECB_00978,0.083
ECB_02472,0.0995
ECB_01179,0.0462
ECB_01083,0.078
ECB_03743,0.1585
ECB_01062,0.0261
ECB_01776,0.0711
ECB_02900,0.0447
ECB_02903,0.0297
ECB_01971,0.0216
ECB_01626,0.0299
ECB_01597,0.0076
ECB_00610,0.1171
ECB_02741,0.0342
ECB_01598,0.0768
ECB_02066,0.1235
ECB_01783,0.0814
ECB_00217,0.0122
ECB_00385,0.0629
ECB_01862,0.0329
ECB_02358,0.0799
ECB_02909,0.0157
ECB_03266,0.01
ECB_01052,0.0444
ECB_02332,0.1274
ECB_02467,0.0024
ECB_03064,0.049
ECB_04005,0.0824
ECB_03017,0.0416
ECB_00653,0.1782
ECB_02101,0.0124
ECB_03214,0.0338
ECB_03133,0.0965
ECB_00405,0.0567
ECB_02454,0.048
ECB_00199,0.0344
ECB_02371,0.0583
ECB_02236,0.0551
ECB_02694,0.5841
ECB_01838,0.1209
ECB_00010,0.046
ECB_01846,0.0918
ECB_01791,0.0497
ECB_02782,0.049
ECB_02545,0.071
ECB_04017,0.0051
ECB_02105,0.0306
ECB_03943,0.0637
ECB_03063,0.0214
ECB_03597,0.0514
ECB_01053,0.1441
ECB_02778,0.0428
ECB_04134,0.0673
ECB_02552,0.0205
ECB_02263,0.7583
ECB_00574,0.0074
ECB_01317,0.072
ECB_03399,0.0846
ECB_00817,0.5081
ECB_02673,0.224
ECB_03211,0.0823
ECB_01553,0.0474
ECB_00592,0.1458
ECB_03249,0.0367
ECB_01059,0.0655
ECB_04087,0.0963
ECB_00170,0.0315
ECB_03065,0.0366
ECB_02122,0.0852
ECB_03321,0.112
ECB_03130,0.0762
ECB_01032,0.0919
ECB_03202,0.0716
ECB_02205,0.0245
ECB_02225,0.0906
ECB_00410,0.1309
ECB_02256,0.0386
ECB_00109,0.0522
ECB_02258,0.5012
ECB_00420,0.0261
ECB_01803,0.0902
ECB_04102,0.0227
ECB_03058,0.0823
ECB_01734,0.0795
ECB_01679,0.0752
ECB_00495,0.3114
ECB_00582,0.153
ECB_01960,0.0787
ECB_02497,0.0302
ECB_00930,0.0236
ECB_02251,0.0392
ECB_00480,0.2647
ECB_00956,0.1099
ECB_02743,0.0665
ECB_02721,0.2106
ECB_01877,0.0313
ECB_03858,0.0026
ECB_04032,0.0277
ECB_00644,0.0685
ECB_01944,0.2298
ECB_02638,0.0951
ECB_00189,0.0664
ECB_01902,0.1111
ECB_03668,0.1509
ECB_03741,0.0759
ECB_01104,0.0243
ECB_00950,0.0615
ECB_02206,0.0025
ECB_02176,0.0799
ECB_03134,0.0978
ECB_02224,0.0402
ECB_02570,0.0172
ECB_01228,0.0336
ECB_00360,0.1663
ECB_01384,0.2325
ECB_03159,0.005
ECB_03246,0.4936
ECB_01106,0.0281
ECB_00308,0.0805
ECB_04239,0.1053
ECB_01392,0.175
ECB_00813,0.1365
ECB_03931,0.0514
ECB_01695,0.0933
ECB_04021,0.0615
ECB_00124,0.0227
ECB_02453,0.0635
ECB_03619,0.0342
ECB_01042,0.1467
ECB_03156,0.0053
ECB_04095,0.0284
ECB_03817,0.0109
ECB_00641,0.0103
ECB_02678,0.0213
ECB_01160,0.0992
ECB_02539,0.0352
ECB_01889,0.2687
ECB_00146,0.1509
ECB_00050,0.0715
ECB_01374,0.1055
ECB_00418,0.1968
ECB_02563,0.0195
ECB_03288,0.0227
ECB_03024,0.0499
ECB_00335,0.1829
ECB_02524,0.1558
ECB_03242,0.0137
ECB_01616,0.1135
ECB_00477,0.0928
ECB_01084,0.0197
ECB_00701,0.0153
ECB_04270,0.0688
ECB_02727,0.0362
ECB_01834,0.0164
ECB_02492,0.2377
ECB_01405,0.0972
ECB_01496,0.3394
ECB_00366,0.0239
ECB_03020,0.0279
ECB_00958,0.0084
ECB_00870,0.0987
ECB_03918,0.0424
ECB_03730,0.0955
ECB_00484,0.3191
ECB_02542,0.0353
ECB_01619,0.1213
ECB_01312,0.0659
ECB_00781,0.0566
ECB_02419,0.0478
ECB_00749,0.0278
ECB_04221,0.0763
ECB_00098,0.1662
ECB_03742,0.1521
ECB_00819,0.0057
ECB_02317,0.0086
ECB_00962,0.1375
ECB_03137,0.0086
ECB_00473,0.0265
ECB_03751,0.0977
ECB_02260,0.3879
ECB_01231,0.0778
ECB_02938,0.1326
ECB_01301,0.0773
ECB_01858,0.0403
ECB_03023,0.0215
ECB_03154,0.0056
ECB_01870,0.1328
ECB_02954,0.064
ECB_01756,0.0928
ECB_00779,0.0215
ECB_04122,0.1424
ECB_03799,0.0668
ECB_01232,0.0761
ECB_02338,0.1205
ECB_02210,0.0162
ECB_02548,0.0713
ECB_03558,0.4347
ECB_01518,0.2006
ECB_03911,0.0877
ECB_02550,0.0357
ECB_02774,0.0528
ECB_03861,0.0091
ECB_01873,0.0403
ECB_03088,0.0572
ECB_02219,0.0219
ECB_00031,0.0597
ECB_04237,0.1871
ECB_02135,0.1785
ECB_02869,0.036
ECB_00475,0.011
ECB_02877,0.0293
ECB_00893,0.0029
ECB_01033,0.0717
ECB_03069,0.0272
ECB_00374,0.0591
ECB_00080,0.0118
ECB_03292,0.1195
ECB_03108,0.0247
ECB_02423,0.0094
ECB_03733,0.0694
ECB_02238,0.0152
ECB_00863,0.1324
ECB_02136,0.1079
ECB_02868,0.1262
ECB_01964,0.0543
ECB_00176,0.0644
ECB_01712,0.0613
ECB_03814,0.0149
ECB_00750,0.0329
ECB_02264,0.0592
ECB_00612,0.0351
ECB_00455,0.0873
ECB_02508,0.0315
ECB_02259,0.5216
ECB_03491,0.0356
ECB_02352,0.0823
ECB_02596,0.0092
ECB_00432,0.0597
ECB_02124,0.0999
ECB_01957,0.1467
ECB_02464,0.107
ECB_00052,0.0177
ECB_03187,0.0655
ECB_02998,0.8198
ECB_03258,0.0253
ECB_03046,0.0148
ECB_04010,0.0478
ECB_00858,0.085
ECB_02507,0.0575
ECB_03872,0.0466
ECB_00740,0.0306
ECB_03429,0.1641
ECB_03135,0.0273
ECB_03464,0.0465
ECB_04273,0.0659
ECB_01912,0.2082
ECB_03425,0.1866
ECB_03192,0.0002
ECB_03113,0.0403
ECB_00409,0.1253
ECB_02674,0.2366
ECB_02053,0.0568
ECB_02567,0.0523
ECB_00363,0.0528
ECB_03620,0.013
ECB_03097,0.0314
ECB_02372,0.0087
ECB_00605,0.0088
ECB_03699,0.0184
ECB_01611,0.0259
ECB_00784,0.0428
ECB_03467,0.0186
ECB_03428,0.0981
ECB_00627,0.085
ECB_00207,0.0291
ECB_01677,0.076
ECB_03935,0.0222
ECB_04062,0.0323
ECB_03081,0.1211
ECB_04105,0.0442
ECB_04035,0.035
ECB_02052,0.2043
ECB_04198,0.0194
ECB_01132,0.0857
ECB_02575,0.0678
ECB_00508,0.2543
ECB_02194,0.1305
ECB_04112,0.0269
ECB_01209,0.1201
ECB_00399,0.0242
ECB_01790,0.0707
ECB_00967,0.0309
ECB_03627,0.0144
ECB_00082,0.0317
ECB_00233,0.0096
ECB_00178,0.0063
ECB_00144,0.0061
ECB_01038,0.1007
ECB_00439,0.0842
ECB_01039,0.2016
ECB_02220,0.0215
ECB_03497,0.0356
ECB_03547,0.0925
ECB_00752,0.0512
ECB_03037,0.0256
ECB_01836,0.0559
ECB_04118,0.1071
ECB_00960,0.0492
ECB_02020,0.3208
ECB_00032,0.0442
ECB_02130,0.0403
ECB_00361,0.0191
ECB_02526,0.0768
ECB_01404,0.0953
ECB_02333,0.1884
ECB_04070,0.0224
ECB_02521,0.0367
ECB_02635,0.0733
ECB_00640,0.0033
ECB_01967,0.1161
ECB_00839,0.1006
ECB_04231,0.1331
ECB_00965,0.0367
ECB_01156,0.0466
ECB_01758,0.0279
ECB_04248,0.0926
ECB_04125,0.0302
ECB_03884,0.1302
ECB_02213,0.0132
ECB_03021,0.1007
ECB_03978,0.1016
ECB_03626,0.0516
ECB_02662,0.0761
ECB_00128,0.1215
ECB_03245,0.4669
ECB_01596,0.11
ECB_03297,0.2084
ECB_03806,0.0471
ECB_03400,0.2573
ECB_00107,0.0659
ECB_03772,0.0473
ECB_03152,0.0001
ECB_01489,0.0491
ECB_01347,0.0499
ECB_03344,0.0032
ECB_03965,0.1424
ECB_01612,0.0466
ECB_00838,0.0321
ECB_04167,0.1723
ECB_03469,0.0353
ECB_02410,0.0199
ECB_01440,0.0389
ECB_03091,0
ECB_00576,0.0615
ECB_02544,0.0495
ECB_01864,0.1406
ECB_00698,0.0848
ECB_00836,0.0698
ECB_03859,0.0002
ECB_02177,0.0825
ECB_04045,0.0268
ECB_02334,0.0305
ECB_02879,0.0289
ECB_03143,0.0378
ECB_02905,0.0195
ECB_01351,0.1857
ECB_02655,0.0668
ECB_00190,0.0858
ECB_01535,0.3579
ECB_03879,0.1972
ECB_02476,0.0298
ECB_03634,0.0631
ECB_03615,0.0167
ECB_01158,0.4569
ECB_00364,0.0138
ECB_01066,0.1227
ECB_02951,0.5038
ECB_01035,0.0537
ECB_03928,0.1373
ECB_01069,0.1012
ECB_02779,0.0343
ECB_01648,0.0757
ECB_04121,0.037
ECB_02764,0.6644
ECB_00564,0.0485
ECB_02568,0.0404
ECB_04247,0.1355
ECB_00969,0.0437
ECB_03570,0.0102
ECB_01885,0.235
ECB_01213,0.0306
ECB_01747,0.0747
ECB_03141,0.0357
ECB_00578,0.0453
ECB_03164,0.0106
ECB_03902,0.0775
ECB_01655,0.0633
ECB_02530,0.0882
ECB_00758,0.09
ECB_01621,0.042
ECB_02672,0.3712
ECB_01728,0.136
ECB_02728,0.0864
ECB_00438,0.0505
ECB_01070,0.0396
ECB_01136,0.5251
ECB_02968,0.0552
ECB_00195,0.0434
ECB_03207,0.0332
ECB_03244,0.3176
ECB_00013,0.093
ECB_00696,0.044
ECB_02525,0.0987
ECB_04048,0.2354
ECB_03330,0.0071
ECB_03569,0.0755
ECB_03252,0.0246
ECB_03034,0.0097
ECB_00235,0.0991
ECB_00979,0.2012
ECB_02070,0.0437
ECB_00395,0.0308
ECB_04051,0.0579
ECB_01227,0.0485
ECB_03093,0.0154
ECB_02658,0.0487
ECB_04024,0.0566
ECB_00038,0.1704
ECB_04067,0.0064
ECB_03015,0.105
ECB_01840,0.0307
ECB_01910,0.0298
ECB_02896,0.0663
ECB_01188,0.2136
ECB_01495,0.1493
ECB_02305,0.2125
ECB_03157,0.0001
ECB_03090,0.007
ECB_02970,0.0507
ECB_01853,0.0105
ECB_00681,0.0393
ECB_00100,0.1227
ECB_03148,0.0038
ECB_04111,0.0311
ECB_00185,0.0769
ECB_01036,0.0494
ECB_02736,0.0005
ECB_00162,0.036
ECB_03196,0.0706
ECB_02421,0.007
ECB_02185,0.2669
ECB_00594,0.0439
ECB_02965,0.1963
ECB_00803,0.1412
ECB_03145,0.0038
ECB_03857,0.025
ECB_03308,0.1005
ECB_02473,0.0187
ECB_01490,0.0253
ECB_04084,0.0474
ECB_00706,0.1387
ECB_04227,0.0828
ECB_00130,0.0223
ECB_02457,0.027
ECB_03623,0.0502
ECB_00419,0.0959
ECB_00853,0.1555
ECB_00054,0.0267
ECB_01100,0.1038
ECB_03193,0.0038
ECB_01812,0.1661
ECB_01048,0.037
ECB_00412,0.022
ECB_02319,0.0843
ECB_03161,0.008
ECB_02554,0.1085
ECB_00394,0.1136
ECB_00540,0.152
ECB_03144,0.0776
ECB_02928,0.0315
ECB_02966,0.0822
ECB_01849,0.1549
ECB_01653,0.0833
ECB_01818,0.1187
ECB_03914,0.0678
ECB_03862,0.0116
ECB_02610,0.0311
ECB_01569,0.1063
ECB_00084,0.0074
ECB_02972,0.0638
ECB_03458,0.0587
ECB_03559,0.1113
ECB_00118,0.0777
ECB_01283,0.0964
ECB_03195,0.1016
ECB_02387,0.0991
ECB_01480,0.1098
ECB_03587,0.0122
ECB_00842,0.0931
ECB_01780,0.2069
ECB_01099,0.0083
ECB_01863,0.0481
ECB_03316,0.0822
ECB_04023,0.0432
ECB_03849,0.0662
ECB_02556,0.1142
ECB_01658,0.3117
ECB_01685,0.0001
ECB_03149,0.0124
ECB_03929,0.0508
ECB_02362,0.1364
ECB_03155,0.0043
ECB_01197,0.0356
ECB_02582,0.0666
ECB_04014,0.0585
ECB_01705,0.0686
ECB_02576,0.0744
ECB_01624,0.0122
ECB_00358,0.0151
ECB_02495,0.012
ECB_00682,0.026
ECB_00121,0.0203
ECB_01761,0.1749
ECB_03560,0.0308
ECB_02527,0.0628
ECB_02111,0.0507
ECB_01779,0.055
ECB_00155,0.0041
ECB_02304,0.1298
ECB_02528,0.0628
ECB_02486,0.04
ECB_03838,0.0958
ECB_01810,0.11
ECB_00821,0.0079
ECB_02867,0.0831
ECB_01552,0.1144
ECB_04093,0.0336
ECB_00402,0.021
ECB_02445,0.001
ECB_04007,0.0439
ECB_01708,0.0176
ECB_03643,0.021
ECB_02184,0.1863
ECB_02417,0.03
ECB_03979,0.0202
ECB_02353,0.026
ECB_01576,0.0964
ECB_03343,0.0272
ECB_00814,0.3555
ECB_03166,0
ECB_03571,0.0876
ECB_03040,0.0132
ECB_00355,0.0089
ECB_01040,0.1531
ECB_00493,0.3544
ECB_01609,0.1024
ECB_01568,0.0918
ECB_00422,0.0022
ECB_02637,0.1518
ECB_02742,0.0214
ECB_00380,0.0379
ECB_00973,0.0521
ECB_03659,0.0003
ECB_04056,0.1347
ECB_01222,0.0326
ECB_02789,0.0206
ECB_01551,0.0715
ECB_01355,0.1978
ECB_03217,0.0346
ECB_04269,0.1023
ECB_01259,0.051
ECB_03276,0.0987
ECB_03357,0.5299
ECB_02300,0.0497
ECB_03835,0.0181
ECB_00639,0.0951
ECB_01154,0.0838
ECB_03934,0.0261
ECB_02599,0.2314
ECB_01135,0.5387
ECB_02671,0.1978
ECB_01872,0.3077
ECB_00871,0.0321
ECB_02420,0.0132
ECB_03682,0.0363
ECB_00331,0.0603
ECB_00886,0.0178
ECB_01707,0.0272
ECB_03824,0.0046
ECB_04020,0.1095
ECB_00606,0.0215
ECB_00970,0.0436
ECB_00386,0.0407
ECB_02901,0.0511
ECB_03787,0.0606
ECB_03160,0.0001
ECB_04068,0.009
ECB_03940,0.0709
ECB_01285,0.2125
ECB_03051,0.0049
ECB_02732,0.0705
ECB_03172,0.0139
ECB_01041,0.5784
ECB_02598,0.0467
ECB_00326,0.0967
ECB_04039,0.0342
ECB_02695,0.0627
ECB_01359,0.0629
ECB_01511,0.0627
ECB_01524,0.0629
ECB_01029,0.0629
ECB_01256,0.0408
ECB_01566,0.1799
ECB_03158,0.0087
ECB_01555,0.2106
ECB_02193,0.0542
ECB_02967,0.0465
ECB_01636,0.2167
ECB_04061,0.0002
ECB_01002,0.1757
ECB_03169,0.0046
ECB_03022,0.1209
ECB_02204,0.0099
ECB_02523,0.0553
ECB_02969,0.0615
ECB_03412,0.1727
ECB_02267,0.0418
ECB_01681,0.005
ECB_01225,0.0507
ECB_03119,0.0001
ECB_00585,0.0442
ECB_01669,0.1243
ECB_03045,0.0192
ECB_03545,0.2133
ECB_00642,0.0502
ECB_02348,0.0159
ECB_00695,0.0703
ECB_01067,0.1269
ECB_04012,0.0543
ECB_03056,0.2187
ECB_02914,0.1041
ECB_03554,0.0518
ECB_01475,0.1143
ECB_00499,0.3471
ECB_02506,0.0804
ECB_03405,0.1177
ECB_01693,0.1898
ECB_02783,0.0626
ECB_01819,0.1656
ECB_00855,0.2815
ECB_03194,0.2063
ECB_02874,0.1308
ECB_01795,0.2086
ECB_00048,0.0586
ECB_03068,0.0285
ECB_02347,0.0496
ECB_00338,0.0774
ECB_02115,0.0501
ECB_02019,0.143
ECB_00916,0.0048
ECB_03653,0.0293
ECB_03932,0.0943
ECB_04170,0.0295
ECB_00220,0.1494
ECB_01180,0.0433
ECB_02250,0.084
ECB_03167,0.0047
ECB_03053,0.0779
ECB_00972,0.138
ECB_03506,0.0001
ECB_00284,0.1762
ECB_02792,0.0229
ECB_00311,0.3974
ECB_04066,0.1832
ECB_04055,0.1297
ECB_02578,0.0164
ECB_02480,0.1157
ECB_00392,0.0055
ECB_03895,0.0589
ECB_03071,0.0169
ECB_03099,0.1466
ECB_03877,0.0053
ECB_01729,0.1588
ECB_01746,0.0585
ECB_03729,0.0463
ECB_03032,0.0155
ECB_03315,0.0683
ECB_03744,0.0334
ECB_02186,0.3612
ECB_01149,0.0117
ECB_00770,0.1012
ECB_02729,0.038
ECB_01350,0.0483
ECB_03647,0.0334
ECB_00600,0.0106
ECB_00255,0.1558
ECB_02134,0.1094
ECB_00027,0.011
ECB_03098,0.1246
ECB_01700,0.0964
ECB_02456,0.0253
ECB_01108,0.0639
ECB_00329,0.0969
ECB_00769,0.1289
ECB_00221,0.0968
ECB_03588,0.0001
ECB_02315,0.0002
ECB_03131,0.2299
ECB_03050,0.0216
ECB_00854,0.1245
ECB_01646,0.0282
ECB_04174,0.0568
ECB_01309,0.0654
ECB_03055,0.0112
ECB_01762,0.2413
ECB_02162,0.0164
ECB_03162,0.005
ECB_02100,0.2859
ECB_01056,0.0316
ECB_01170,0.0497
ECB_00187,0.1195
ECB_03468,0.0575
ECB_00851,0.2781
ECB_01249,0.0377
ECB_00541,0.0842
ECB_02866,0.0291
ECB_01764,0.025
ECB_02498,0.0114
ECB_03319,0.0533
ECB_02529,0.0701
ECB_03813,0.0445
ECB_00751,0.0773
ECB_01057,0.0915
ECB_02287,0.2108
ECB_00370,0.0543
ECB_03115,0.1012
ECB_03922,0.106
ECB_03898,0.0209
ECB_02074,0.2901
ECB_00820,0.0064
ECB_03621,0
ECB_01874,0.0837
ECB_01618,0.1063
ECB_01797,0.1548
ECB_00259,0.425
ECB_01090,0
ECB_03262,0.0545
ECB_01807,0.0544
ECB_03494,0.0169
ECB_01613,0.1172
ECB_04245,0.2668
ECB_01403,0.0717
ECB_00822,0.0122
ECB_01195,0.0821
ECB_01394,0.1645
ECB_01813,0.0781
ECB_02660,0.0298
ECB_00823,0.0067
ECB_01006,0.0774
ECB_03260,0.0188
ECB_02117,0.0511
ECB_01047,0.0757
ECB_04069,0
ECB_00885,0.0274
ECB_01282,0.0671
ECB_03125,0.0066
ECB_01330,0.1014
ECB_01284,0.072
ECB_02310,0.0269
ECB_00028,0.256
ECB_03199,0.0236
ECB_02681,0.0712
ECB_00552,0.2243
ECB_00411,0.0057
ECB_03205,0.0821
ECB_01491,0.5205
ECB_00888,0.0001
ECB_01439,0.0679
ECB_01595,0.0597
ECB_02935,0
ECB_02402,0.2588
ECB_00478,0.049
ECB_03821,0.0757
ECB_01517,0.0817
ECB_00991,0.0961
ECB_00327,0.0905
ECB_03406,0.0002
ECB_01644,0.0705
ECB_01793,0.0002
ECB_00593,0.007
ECB_03457,0.129
ECB_02125,0.1112
ECB_00017,0.1688
ECB_03917,0.0286
ECB_00657,0.106
ECB_04088,0.013
ECB_01500,0.1264
ECB_03684,0.0489
ECB_03102,0.008
ECB_04219,0.0335
ECB_00596,0.0645
ECB_02919,0.1434
ECB_02416,0.0412
ECB_00188,0.0384
ECB_03868,0.137
ECB_02364,0.0293
ECB_00566,0.0428
ECB_04043,0.0705
ECB_00101,0.0779
ECB_01686,0.0001
ECB_03188,0.0717
ECB_03163,0.0075
ECB_01808,0.061
ECB_02396,0.0957
ECB_00336,0.0232
ECB_01674,0.3339
ECB_00826,0.0147
ECB_03385,0.1305
ECB_03383,0.1296
ECB_02546,0.0002
ECB_01354,0.1886
ECB_01765,0.0168
ECB_00921,0.0313
ECB_01233,0.0442
ECB_01781,0.0482
ECB_03153,0.0166
ECB_03121,0.0978
ECB_04252,0.0096
ECB_01008,0.0345
ECB_01085,0.0001
ECB_01514,0.3229
ECB_01402,0.1017
ECB_00957,0.0435
ECB_03220,0.1311
ECB_03213,0.1166
ECB_03493,0.0001
ECB_02976,0.2771
ECB_00417,0.0875
ECB_02522,0.0307
ECB_01332,0.0696
ECB_00715,0.0429
ECB_04019,0.022
ECB_01794,0.0291
ECB_01796,0.0666
ECB_04278,0.0103
ECB_03586,0
ECB_01438,0.09
ECB_01594,0.0845
ECB_04018,0.083
ECB_03150,0
ECB_00694,0.0724
ECB_03389,0.1645
ECB_03388,0.1679
ECB_02057,0.0727
ECB_03645,0
