gene_id	Tr_day3	Tr_day15	Tr_day27	Tr_day39	Tr_day49	Con_day0	Con_day45
MRA_2480	0	0	5	0	5	0	3
MRA_2481	1	7	11	0	2	2	22
MRA_2482	6	0	3	0	4	0	12
MRA_2483	1	0	2	0	6	0	5
MRA_2484	0	4	7	0	0	2	3
MRA_2485	158	11	170	5	75	36	246
MRA_2486	0	3	1	0	3	0	2
MRA_2487	0	0	2	0	0	0	3
MRA_2488	0	0	2	0	1	2	5
MRA_0800	1	0	14	0	5	3	15
MRA_2489	12	8	25	2	9	2	37
MRA_0801	10	0	10	1	8	4	6
MRA_0802	10	9	25	0	7	3	21
MRA_0803	4	0	0	0	1	0	3
MRA_0804	7	0	7	0	2	4	14
MRA_0805	0	0	0	0	0	0	0
MRA_0806	0	0	0	0	0	0	0
MRA_0807	6	0	13	0	4	0	11
MRA_0390	0	0	0	0	0	1	0
MRA_0808	6	10	4	0	2	11	9
MRA_0391	1	3	6	0	2	3	4
MRA_0809	0	12	2	0	2	3	3
MRA_0392	4	16	6	1	5	6	12
MRA_0393	2	0	3	0	5	1	5
MRA_0394	3	9	5	0	2	24	12
MRA_0395	1	0	1	0	1	2	6
MRA_0396	0	5	1	0	0	3	5
MRA_0397	0	0	0	0	0	0	0
MRA_0398	2	0	2	0	2	2	11
MRA_0399	2	0	13	1	6	1	25
MRA_1200	15	1	13	1	8	6	15
MRA_1201	2	0	14	4	6	5	12
MRA_1202	0	0	0	2	0	0	0
MRA_1203	6	5	12	5	6	7	30
MRA_1204	10	3	27	3	9	6	30
MRA_1205	0	0	1	0	2	0	1
MRA_1206	0	1	1	0	0	0	1
MRA_1207	0	0	0	0	0	3	0
MRA_1208	101	4	158	0	69	10	202
MRA_1209	20	12	41	0	34	3	56
MRA_0905A	0	8	0	0	0	0	0
MRA_2900	1	7	4	0	1	0	1
MRA_2901	1	0	4	0	4	0	8
MRA_2902	11	7	27	0	12	2	49
MRA_2903	0	4	1	0	0	0	0
MRA_2904	0	0	0	0	0	0	0
MRA_2905	0	0	1	0	0	0	0
MRA_2906	1	0	4	0	2	3	3
MRA_2907	1	0	2	0	0	0	0
MRA_2490	13	5	26	0	18	4	86
MRA_2908	0	7	0	0	0	1	0
MRA_2491	0	0	4	0	0	0	3
MRA_2909	14	2	33	0	14	20	39
MRA_2492	150	4	12	2	24	45	61
MRA_2493	10	19	28	1	11	2	20
MRA_2494	4	2	5	0	0	0	11
MRA_2495	7	7	10	0	4	0	25
MRA_2496	0	0	0	0	0	0	0
MRA_2497	17	7	7	0	4	2	16
MRA_2498	1	7	3	0	0	0	0
MRA_0810	0	2	0	0	0	2	1
MRA_2499	1	0	3	1	4	2	25
MRA_0811	0	0	1	0	1	6	2
MRA_0812	4	0	5	1	4	3	10
MRA_0813	0	0	1	0	0	10	1
MRA_0814	0	0	0	0	1	0	0
MRA_0815	2	8	6	0	4	10	13
MRA_0816	60	10	260	3	113	38	361
MRA_0817	0	0	0	0	0	0	0
MRA_0818	0	0	4	1	1	5	5
MRA_3300	15	0	71	0	23	35	74
MRA_0819	48	6	60	0	25	40	78
MRA_3301	1	0	7	0	4	2	14
MRA_3302	0	0	1	0	0	6	3
MRA_3303	1	0	1	0	1	1	2
MRA_3304	9	3	21	0	13	0	36
MRA_3305	3	9	10	0	4	1	9
MRA_3306	6	0	16	0	8	7	11
MRA_3307	0	2	0	0	0	1	0
MRA_3308	2	4	1	1	1	1	2
MRA_3309	2	0	4	0	1	0	3
MRA_1210	2	0	20	0	1	9	16
MRA_1211	0	0	2	0	2	0	2
MRA_1212	0	3	2	0	1	0	6
MRA_1213	0	0	0	0	1	0	2
MRA_1214	5	5	6	0	5	1	3
MRA_1215	6	0	1	0	0	2	3
MRA_1216	0	0	0	0	2	3	3
MRA_1217	0	8	1	0	0	1	0
MRA_1218	0	0	0	0	0	0	0
MRA_1219	0	0	3	0	0	5	4
MRA_2910	2	0	2	2	2	17	8
MRA_2911	1	2	2	0	0	3	0
MRA_2912	1	0	6	2	0	1	7
MRA_2913	8	7	15	4	2	1	16
MRA_2914	0	0	3	0	0	0	1
MRA_2915	2	0	8	0	0	2	20
MRA_2916	3	0	8	0	3	2	6
MRA_2917	5	0	1	0	0	0	2
MRA_2918	3	8	11	0	3	3	11
MRA_2919	1	0	1	0	0	8	1
MRA_0820	9	0	4	0	4	4	13
MRA_0821	0	0	1	0	0	3	3
MRA_0822	14	0	99	0	20	9	87
MRA_0823	7	0	5	1	3	0	16
MRA_0824	0	0	0	0	0	0	4
MRA_0825	0	7	0	0	3	0	0
MRA_0826	3	0	17	0	5	0	16
MRA_0827	1	0	5	1	2	6	11
MRA_0828	0	0	1	0	0	5	0
MRA_3310	0	0	0	0	0	5	0
MRA_0829	16	0	26	3	16	8	23
MRA_3311	7	11	20	4	13	3	35
MRA_3312	28	4	48	0	16	8	45
MRA_3313	0	0	3	0	1	1	1
MRA_3314	33	20	59	4	30	21	97
MRA_3315	16	0	19	1	6	5	36
MRA_3316	0	0	0	0	0	0	0
MRA_3317	0	2	0	1	0	0	2
MRA_3318	31	17	76	0	97	35	88
MRA_3319	100	23	206	9	172	2	347
MRA_1220	0	0	0	1	2	0	2
MRA_1221	130	0	124	1	78	22	216
MRA_1222	11	6	17	0	9	0	30
MRA_1223	0	0	2	0	0	0	2
MRA_1224	8	8	8	0	5	4	26
MRA_1225	17	7	79	0	21	17	47
MRA_1226	0	0	3	0	2	4	1
MRA_1227	0	0	1	0	0	2	0
MRA_1228	7	0	16	0	3	2	8
MRA_1229	0	8	1	0	0	0	3
MRA_3393A	0	6	1	0	0	0	0
MRA_2920	4	0	1	0	0	0	2
MRA_2921	5	7	26	0	1	1	14
MRA_2922	1	0	1	0	0	2	0
MRA_2923	0	0	0	0	0	0	0
MRA_2924	1	2	1	0	0	0	1
MRA_2925	0	0	11	0	1	4	8
MRA_2926	0	0	2	0	1	2	0
MRA_2927	0	0	0	0	0	0	1
MRA_2928	2	5	0	5	0	0	2
MRA_2929	0	6	0	0	0	0	0
MRA_1205A	0	0	3	0	0	1	0
MRA_0830	16	0	51	1	31	6	99
MRA_0831	0	0	5	1	5	2	14
MRA_0832	5	0	3	6	0	7	5
MRA_0833	0	0	4	0	1	1	3
MRA_0834	3	9	2	0	0	3	0
MRA_0835	8	0	12	0	15	3	12
MRA_0836	3	5	5	0	0	3	2
MRA_0837	0	0	4	0	1	1	5
MRA_0838	0	0	2	0	0	3	3
MRA_3320	1	0	19	0	8	0	15
MRA_0839	47	0	118	0	59	5	163
MRA_3321	9	0	4	0	0	4	6
MRA_3322	0	0	0	0	4	0	2
MRA_3323	0	0	1	0	0	4	2
MRA_3324	1	0	0	0	0	0	0
MRA_3325	0	0	0	0	0	1	0
MRA_3326	2	9	6	5	3	2	4
MRA_3327	58	0	61	0	43	10	109
MRA_3328	0	0	2	0	0	0	0
MRA_3329	0	0	1	0	0	3	2
MRA_1230	1	8	3	1	1	0	1
MRA_2091A	2	0	0	0	0	3	0
MRA_1231	2	8	0	2	0	0	0
MRA_1232	3	4	1	1	0	6	1
MRA_1233	0	3	1	0	0	1	0
MRA_1234	62	0	70	0	42	17	142
MRA_1235	2	4	10	0	0	5	12
MRA_1236	2	0	0	0	0	0	1
MRA_1237	69	8	109	0	48	18	142
MRA_1238	10	4	23	0	3	2	18
MRA_1239	0	7	10	0	1	0	12
MRA_2930	0	0	6	4	1	3	4
MRA_2931	3	2	19	2	4	0	44
MRA_2932	1	0	6	0	4	2	3
MRA_2933	0	0	1	0	0	0	0
MRA_2934	0	0	2	1	0	2	0
MRA_2935	0	0	0	5	1	2	0
MRA_2936	1	0	4	2	6	5	28
MRA_2937	0	0	1	0	2	2	4
MRA_2938	2	1	2	0	0	3	9
MRA_2939	1	0	2	3	0	7	1
MRA_0840	9	0	72	2	15	19	48
MRA_0841	0	0	0	0	0	0	2
MRA_0842	3	0	1	4	1	4	3
MRA_0843	5	0	2	0	0	7	10
MRA_0844	8	0	15	0	2	0	14
MRA_0845	8	0	5	0	5	1	5
MRA_0846	0	0	1	0	1	0	5
MRA_0847	1	0	11	0	4	6	7
MRA_0848	26	0	45	6	35	19	87
MRA_3330	0	0	7	0	1	1	6
MRA_0849	8	0	40	0	18	21	41
MRA_3331	5	5	7	0	4	1	13
MRA_3332	19	6	30	5	22	24	36
MRA_3333	0	16	0	0	0	8	1
MRA_3334	0	0	0	3	1	0	6
MRA_3335	14	0	29	1	29	4	71
MRA_3336	0	0	0	1	0	0	1
MRA_3337	2	7	12	4	2	9	12
MRA_3338	3	1	3	0	1	1	22
MRA_3339	3	0	10	0	1	5	8
MRA_1240	3	0	4	0	2	0	3
MRA_1241	0	0	1	0	0	3	2
MRA_1242	11	0	25	1	8	2	35
MRA_1243	0	0	0	0	0	0	0
MRA_1244	2	0	4	0	0	4	9
MRA_1245	0	0	1	0	2	5	1
MRA_1246	6	0	9	2	1	1	3
MRA_1247	6	0	5	0	7	4	20
MRA_1248	7	19	18	1	16	14	36
MRA_1249	0	4	2	1	0	0	0
MRA_2940	1	0	1	0	0	1	3
MRA_2941	0	0	3	0	2	2	2
MRA_2942	5	2	2	0	0	4	4
MRA_2943	1	0	3	3	1	3	4
MRA_2944	0	0	0	0	0	0	1
MRA_2945	0	2	1	0	3	0	3
MRA_2946	1	0	0	0	0	0	0
MRA_2947	0	0	2	0	1	3	3
MRA_2948	0	0	1	0	0	0	0
MRA_2949	0	0	0	0	1	0	0
MRA_1795A	48	1	66	9	27	24	53
MRA_0850	90	0	384	2	174	89	517
MRA_0851	5	3	8	0	4	3	23
MRA_0852	0	0	1	0	0	3	4
MRA_0853	21	0	32	0	10	13	39
MRA_0854	8	0	10	0	8	2	25
MRA_0855	0	4	1	0	0	0	4
MRA_0856	1	0	1	0	0	3	0
MRA_0857	1	0	2	1	7	5	7
MRA_0858	6	0	0	0	3	0	1
MRA_3340	1	14	6	0	3	7	16
MRA_0859	72	0	31	0	38	10	48
MRA_3341	0	2	0	0	0	0	0
MRA_3342	0	0	0	1	0	3	0
MRA_3343	9	7	19	0	15	11	25
MRA_3344	3	0	0	0	1	14	13
MRA_3345	1	5	11	0	1	9	21
MRA_3346	6	0	13	0	9	7	18
MRA_3347	0	9	0	1	0	4	0
MRA_3348	1	10	0	4	0	0	0
MRA_3349	1	0	4	2	0	2	10
MRA_1250	0	0	1	0	0	2	0
MRA_1251	6	0	4	0	0	2	6
MRA_1252	0	0	3	0	3	0	12
MRA_1253	9	0	4	1	3	2	12
MRA_1254	13	0	10	0	5	3	28
MRA_1255	1	0	5	0	4	0	3
MRA_1256	17	1	16	1	9	8	25
MRA_1257	1	3	9	0	2	2	3
MRA_1258	50	9	65	2	25	22	97
MRA_1259	8	0	8	2	2	21	10
MRA_2950	0	0	0	0	0	0	0
MRA_2951	0	0	0	0	0	0	0
MRA_2952	0	0	2	0	0	0	7
MRA_2953	0	0	1	0	0	0	3
MRA_2954	0	0	0	0	0	2	1
MRA_2955	2	0	5	3	5	4	6
MRA_2956	1	0	15	0	5	3	15
MRA_2957	13	9	37	2	27	16	26
MRA_2958	8	8	12	13	4	12	22
MRA_2959	3	22	15	2	10	14	12
MRA_0860	11	0	10	0	7	4	13
MRA_0861	2	7	6	3	4	7	14
MRA_0862	0	0	0	0	0	3	0
MRA_0863	0	9	1	1	0	1	0
MRA_0864	0	0	0	0	1	0	2
MRA_0865	1	10	2	0	6	0	10
MRA_0866	8	0	17	0	6	12	30
MRA_0867	3	13	0	0	0	2	0
MRA_0868	0	15	0	0	0	4	2
MRA_3350	0	0	10	0	3	2	24
MRA_0869	0	2	9	0	0	2	4
MRA_3351	5	0	7	0	5	6	17
MRA_3352	7	0	7	1	1	5	15
MRA_3353	6	2	23	1	11	4	34
MRA_3354	1	0	3	0	0	0	1
MRA_3355	0	0	3	0	1	6	3
MRA_3356	0	0	3	2	1	0	5
MRA_3357	0	0	1	0	0	0	1
MRA_3358	1	0	2	0	0	2	7
MRA_3359	3	4	8	6	3	3	1
MRA_1260	2	0	4	0	2	0	2
MRA_1261	2	0	21	1	3	6	13
MRA_1262	42	0	41	0	41	11	144
MRA_1263	8	6	10	0	6	4	31
MRA_1264	2	0	5	1	6	2	13
MRA_1265	1	0	8	0	10	20	21
MRA_1266	1	9	2	0	0	0	1
MRA_1267	0	0	0	0	0	3	1
MRA_1268	3	0	3	0	6	6	10
MRA_1269	5	0	14	0	15	4	32
MRA_2960	1	11	8	0	2	12	19
MRA_2961	3	9	5	2	1	14	8
MRA_2962	0	0	0	0	2	3	1
MRA_2963	16	0	38	0	39	9	49
MRA_2964	14	10	22	0	17	5	26
MRA_2965	281	10	442	9	295	86	541
MRA_2966	32	49	50	4	18	18	62
MRA_2967	2	0	12	3	4	0	5
MRA_2968	10	2	37	1	12	3	46
MRA_2969	0	2	6	0	0	7	0
MRA_0870	0	1	2	0	0	8	0
MRA_0871	1	0	1	0	0	0	5
MRA_0872	1	0	7	0	11	0	4
MRA_0873	42	0	22	2	53	0	153
MRA_0874	3	0	9	0	2	5	11
MRA_0875	0	0	2	0	1	0	7
MRA_0876	0	5	0	0	0	0	0
MRA_0877	0	4	0	0	0	0	0
MRA_0878	3	0	5	0	1	1	6
MRA_3360	0	8	0	0	0	5	0
MRA_0879	2	15	13	1	9	1	36
MRA_3361	0	5	0	0	0	2	2
MRA_3362	3	0	6	0	1	2	8
MRA_3363	1	0	0	0	0	0	0
MRA_3364	0	0	0	0	0	0	1
MRA_3365	1	0	3	0	0	4	3
MRA_3366	0	1	3	0	3	0	7
MRA_3367	0	0	0	0	0	2	0
MRA_3368	0	0	0	0	0	0	0
MRA_3369	3	0	10	0	3	3	26
MRA_1270	0	0	1	0	0	0	0
MRA_1271	0	5	1	1	1	3	2
MRA_1272	4	0	10	1	12	10	23
MRA_1273	12	0	3	0	1	0	9
MRA_1274	18	9	149	0	26	41	98
MRA_1275	0	17	5	0	1	6	0
MRA_1276	1	0	2	4	1	1	10
MRA_1277	0	0	1	0	0	0	5
MRA_1278	9	0	6	0	6	5	11
MRA_1279	15	0	12	0	11	0	54
MRA_2970	0	0	0	0	0	0	0
MRA_2971	21	0	43	0	37	7	79
MRA_2972	3	0	6	0	2	2	9
MRA_2973	1	13	1	1	0	5	2
MRA_2974	0	4	3	0	2	1	2
MRA_2975	26	0	28	6	24	14	23
MRA_2976	7	0	2	0	0	1	6
MRA_2977	17	7	36	5	8	6	29
MRA_2978	9	0	14	0	5	0	23
MRA_2979	4	0	11	0	5	7	8
MRA_0880	5	8	2	1	1	10	4
MRA_0881	26	0	20	0	8	6	56
MRA_0882	0	0	0	0	3	0	1
MRA_0883	1	5	4	0	7	4	4
MRA_0884	3	0	13	0	7	3	11
MRA_0885	78	11	127	1	108	33	188
MRA_0886	0	0	2	0	1	0	1
MRA_0887	1	0	5	0	0	0	1
MRA_0888	3	1	3	0	0	3	7
MRA_3370	2	2	1	0	3	9	16
MRA_0889	4	0	6	0	1	0	30
MRA_3371	7	2	6	0	1	1	21
MRA_3372	0	0	0	0	2	7	1
MRA_3373	3	22	2	2	2	6	7
MRA_3374	0	0	0	0	0	2	1
MRA_3375	2	0	4	0	5	0	11
MRA_3376	0	0	0	0	0	3	3
MRA_3377	11	0	8	0	4	0	6
MRA_3378	2	12	2	4	0	4	3
MRA_3379	4	5	21	3	10	5	16
MRA_1280	9	0	23	5	15	6	41
MRA_1281	4	5	5	2	1	3	2
MRA_1282	1	0	1	0	0	0	1
MRA_1283	0	0	1	0	0	5	2
MRA_1284	5	0	9	0	9	4	21
MRA_1285	0	7	0	0	0	0	0
MRA_1286	0	0	0	0	0	0	0
MRA_1287	3	14	6	3	2	5	1
MRA_1288	1	11	2	0	2	0	17
MRA_1289	2	0	7	1	0	1	4
MRA_2980	43	4	94	2	56	20	137
MRA_2981	4	0	35	0	15	9	57
MRA_2982	0	8	12	0	2	6	5
MRA_2983	19	6	23	1	11	12	31
MRA_2984	7	8	12	0	15	4	19
MRA_2985	10	0	7	2	2	5	9
MRA_0001	32	14	73	5	27	14	43
MRA_2986	1	10	3	3	0	8	7
MRA_0002	46	0	121	2	45	49	55
MRA_2987	0	0	0	0	2	3	1
MRA_0003	0	0	0	3	0	5	0
MRA_2988	0	0	1	0	2	4	4
MRA_0004	0	0	1	0	0	0	4
MRA_2989	0	0	6	0	1	3	1
MRA_0005	5	0	3	0	7	7	10
MRA_0006	24	0	57	0	25	22	72
MRA_0007	0	0	1	0	2	1	0
MRA_0008	1	12	3	2	2	0	4
MRA_0009	8	0	13	0	8	2	33
MRA_0890	0	0	1	0	6	4	7
MRA_0891	0	0	4	0	2	4	9
MRA_0892	9	0	21	2	6	3	32
MRA_0893	0	8	0	0	0	1	8
MRA_0894	11	5	8	2	2	1	4
MRA_0895	1	5	7	0	1	0	0
MRA_0896	46	14	81	0	52	15	140
MRA_0897	3	4	5	0	0	6	9
MRA_0898	3	12	5	2	0	4	0
MRA_3380	0	8	6	3	3	7	3
MRA_0899	4	0	19	0	5	5	13
MRA_3381	1	0	4	0	2	0	5
MRA_3382	0	0	0	0	1	1	0
MRA_3383	0	0	3	0	0	0	6
MRA_3384	248	1	285	4	257	89	306
MRA_3385	0	7	0	0	1	15	1
MRA_3386	0	7	0	0	1	0	7
MRA_3387	417	35	225	4	178	87	368
MRA_3388	0	0	0	0	0	0	0
MRA_3389	0	0	4	2	2	0	6
MRA_1700	0	3	0	0	0	2	0
MRA_1701	0	0	0	0	0	0	0
MRA_1702	0	0	0	4	0	1	0
MRA_1703	0	0	0	0	0	1	1
MRA_1704	0	9	0	0	0	1	0
MRA_1705	1	10	2	0	0	2	8
MRA_1706	1	0	6	0	9	0	5
MRA_1290	0	0	9	3	3	6	11
MRA_1707	3	0	4	0	0	0	5
MRA_1291	2	0	2	0	0	4	4
MRA_1708	3	0	9	4	6	0	10
MRA_1292	0	0	0	0	0	3	0
MRA_1709	0	0	0	0	0	3	0
MRA_1293	2	0	4	0	1	3	8
MRA_1294	8	0	13	0	9	1	17
MRA_1295	0	0	1	0	0	0	0
MRA_1296	7	0	2	0	0	0	5
MRA_1297	2	5	4	0	3	3	1
MRA_1298	4	0	9	0	1	2	12
MRA_1299	1	6	1	0	0	0	0
MRA_2100	0	0	0	3	3	1	0
MRA_2101	0	0	0	0	0	0	0
MRA_2102	2	0	1	0	0	11	6
MRA_2103	2	7	10	0	8	6	7
MRA_2104	1	0	2	1	10	2	10
MRA_2105	158	8	126	8	69	13	233
MRA_2106	1	0	5	0	1	1	2
MRA_2107	0	12	1	2	0	3	1
MRA_2108	0	5	1	0	0	3	0
MRA_2109	0	0	0	0	0	0	0
MRA_2990	8	7	15	0	7	15	27
MRA_2991	2	0	9	0	7	3	8
MRA_2992	9	0	4	0	6	0	12
MRA_2993	1	8	6	1	2	2	16
MRA_2994	1	0	1	0	1	0	11
MRA_0010	86	7	183	2	107	33	307
MRA_2995	2	5	5	0	2	6	0
MRA_0011	13	0	14	0	13	3	21
MRA_2996	3	0	3	0	1	2	6
MRA_0012	0	0	0	0	0	0	0
MRA_2997	2	0	0	0	10	0	5
MRA_0013	3	13	20	1	17	15	6
MRA_3649A	0	0	2	0	1	1	3
MRA_2998	1	0	0	0	0	4	4
MRA_0014	0	0	1	0	2	3	6
MRA_3649B	0	0	0	0	0	0	0
MRA_2999	0	0	4	0	1	4	3
MRA_0015	20	6	32	0	22	8	82
MRA_0016	19	3	53	1	31	3	60
MRA_0017	3	0	5	0	1	0	6
MRA_0018	2	11	10	0	8	3	18
MRA_0019	18	4	22	0	11	2	24
MRA_3800	1	0	0	0	1	1	3
MRA_3801	0	2	4	0	2	2	6
MRA_3802	19	1	27	0	13	2	48
MRA_3803	0	0	0	2	0	0	0
MRA_3804	2	0	2	0	1	1	6
MRA_3805	2	3	7	2	4	0	13
MRA_3806	0	0	3	0	0	0	1
MRA_3807	0	5	1	1	0	0	2
MRA_3390	102	26	130	4	101	62	184
MRA_3808	9	0	9	0	4	6	12
MRA_3391	0	0	1	0	0	0	0
MRA_3809	0	0	2	0	0	0	5
MRA_3392	6	0	15	0	13	1	17
MRA_3393	0	0	0	0	1	0	1
MRA_3394	1	0	6	0	3	6	6
MRA_3395	9	6	5	0	12	0	11
MRA_3396	0	0	2	0	0	3	1
MRA_3397	0	0	0	0	2	2	0
MRA_3398	1	0	0	1	0	1	0
MRA_3399	6	8	10	3	7	2	9
MRA_1710	6	0	8	0	4	6	14
MRA_1711	28	9	31	4	55	2	48
MRA_1712	0	0	2	3	0	0	1
MRA_1713	14	8	17	1	15	10	9
MRA_1714	6	8	7	0	9	1	13
MRA_1715	1	0	6	0	0	0	4
MRA_1716	1	0	13	0	8	10	13
MRA_1717	13	0	8	2	2	7	11
MRA_1718	0	0	0	0	0	0	4
MRA_1719	2	0	0	0	0	7	5
MRA_2110	0	0	0	0	0	0	4
MRA_2111	0	0	0	0	0	0	0
MRA_2112	3	5	6	0	2	4	10
MRA_2113	0	1	1	0	0	6	0
MRA_2114	182	0	118	1	94	43	165
MRA_2115	2	6	3	7	0	7	5
MRA_2116	6	0	15	0	10	3	41
MRA_2117	4	12	4	0	10	2	33
MRA_2118	0	2	0	0	0	0	0
MRA_2119	0	0	1	0	0	0	8
MRA_0020	1	13	0	1	1	1	2
MRA_0021	0	0	1	0	0	2	0
MRA_0022	13	4	25	0	4	0	14
MRA_0023	6	5	37	6	11	2	28
MRA_0024	0	4	5	1	3	2	1
MRA_0025	0	7	0	0	0	2	0
MRA_0026	0	0	0	0	0	0	0
MRA_0027	0	0	1	0	0	5	2
MRA_0028	0	0	0	1	0	0	0
MRA_0029	2	6	5	0	0	7	14
MRA_3810	0	0	0	0	0	1	2
MRA_3811	0	0	0	0	0	0	3
MRA_2766A	0	8	0	0	0	0	0
MRA_3812	7	6	6	0	5	5	7
MRA_3813	8	0	13	0	10	0	31
MRA_3814	0	6	0	0	3	0	8
MRA_3815	16	5	9	3	5	8	28
MRA_3816	37	0	43	3	34	14	32
MRA_3817	4	0	19	1	13	0	49
MRA_3818	0	13	6	0	9	6	12
MRA_3819	8	1	35	3	11	10	42
MRA_1720	0	0	0	0	2	1	0
MRA_1721	0	0	0	7	0	2	9
MRA_1722	0	0	0	0	0	1	0
MRA_1723	0	4	0	4	0	0	1
MRA_1724	4	0	0	0	0	1	0
MRA_1725	0	0	0	0	1	4	0
MRA_1726	0	8	0	1	0	0	0
MRA_1727	0	0	0	0	0	0	0
MRA_1728	0	3	0	0	0	0	0
MRA_1729	2	0	3	0	1	0	2
MRA_0499A	1	0	6	0	1	0	1
MRA_2120	0	0	0	0	0	0	0
MRA_2121	0	0	0	0	0	1	0
MRA_2122	1	0	3	0	1	0	5
MRA_2123	5	0	27	0	11	9	30
MRA_2124	5	0	18	0	3	0	4
MRA_2125	0	0	0	0	0	0	0
MRA_2126	0	0	1	0	2	0	0
MRA_2127	0	9	5	0	0	13	7
MRA_2128	8	2	89	1	28	25	35
MRA_2129	80	1	172	1	47	43	165
MRA_0030	0	8	2	0	0	0	1
MRA_0031	10	4	7	0	3	1	17
MRA_0032	2	0	5	0	1	2	5
MRA_0033	2	0	2	0	0	1	3
MRA_1255A	0	0	0	0	0	0	0
MRA_0034	3	0	4	1	0	3	2
MRA_0035	5	0	8	3	6	10	11
MRA_0036	0	0	0	0	0	0	0
MRA_0037	0	0	0	0	0	0	1
MRA_0038	19	7	46	3	39	4	85
MRA_0039	2	0	1	0	0	4	5
MRA_3820	0	0	0	0	0	0	0
MRA_3821	0	0	2	0	1	0	7
MRA_3822	0	0	3	0	1	1	1
MRA_3823	2	0	4	0	7	2	17
MRA_3824	17	2	26	0	13	0	34
MRA_3825	2	7	5	0	6	1	7
MRA_3826	7	9	6	0	3	5	15
MRA_3827	0	0	2	3	2	0	0
MRA_3828	0	0	0	0	0	0	1
MRA_3829	2	0	10	0	4	3	8
MRA_1730	2	0	7	0	7	1	6
MRA_1731	0	0	3	0	0	1	1
MRA_1732	0	0	3	2	0	5	0
MRA_1733	4	2	6	4	2	3	18
MRA_1734	2	0	1	0	1	1	2
MRA_1735	2	0	1	0	0	1	3
MRA_1736	5	0	11	0	3	0	10
MRA_1737	20	0	6	0	9	0	18
MRA_1738	0	0	1	0	0	3	1
MRA_1739	7	1	5	0	3	1	12
MRA_2130	5	2	23	4	18	9	62
MRA_2131	8	0	18	2	10	0	16
MRA_2132	0	5	1	0	3	0	12
MRA_2133	0	1	0	0	1	0	4
MRA_2134	3	5	5	0	4	3	24
MRA_2135	1	0	12	0	0	0	9
MRA_2136	0	0	2	0	1	3	0
MRA_2137	0	0	0	0	0	1	3
MRA_2138	18	0	54	0	20	5	44
MRA_2139	0	6	6	0	7	4	17
MRA_0040	0	0	5	3	3	8	11
MRA_0041	7	0	33	0	3	1	29
MRA_0042	4	0	3	0	2	0	5
MRA_0043	5	0	9	0	0	0	4
MRA_0044	27	0	26	0	16	7	71
MRA_0045	4	3	4	2	6	1	15
MRA_0046	0	0	9	0	1	2	0
MRA_0047	7	21	1	0	2	0	1
MRA_0048	0	0	2	0	0	0	5
MRA_0049	100	0	169	4	79	25	454
MRA_3830	10	2	9	1	4	2	18
MRA_3831	2	6	2	0	0	0	0
MRA_3832	0	5	0	0	0	8	4
MRA_3833	7	8	9	0	4	3	6
MRA_3834	5	6	6	0	0	3	2
MRA_3835	9	16	10	2	5	7	28
MRA_3836	18	0	25	0	14	4	33
MRA_3837	9	9	2	0	4	4	11
MRA_3838	43	0	32	3	31	0	37
MRA_3839	0	10	1	1	3	3	2
MRA_1740	8	0	32	2	13	11	22
MRA_1741	65	3	68	3	25	7	101
MRA_1742	7	0	6	0	7	0	10
MRA_1743	0	6	1	0	1	0	0
MRA_1744	57	0	35	0	16	0	134
MRA_1745	10	0	22	0	9	3	17
MRA_1746	0	0	9	0	0	0	6
MRA_1747	3	3	8	0	1	3	12
MRA_1748	1	1	2	0	4	1	5
MRA_1749	7	0	5	1	1	4	9
MRA_2140	0	0	5	0	1	3	2
MRA_2141	8	1	30	0	23	1	38
MRA_2142	0	0	8	0	2	7	4
MRA_2143	67	7	93	0	73	11	241
MRA_2144	9	0	29	1	14	1	55
MRA_2145	0	0	1	3	2	6	4
MRA_2146	1	0	9	0	1	2	5
MRA_2147	2	12	10	0	8	0	16
MRA_2148	0	0	4	0	0	2	1
MRA_2149	0	5	0	0	0	0	0
MRA_0050	1	0	9	0	8	0	19
MRA_0051	8	0	30	4	13	4	38
MRA_0052	0	0	0	0	0	2	1
MRA_0053	2	4	1	4	0	1	6
MRA_0054	0	0	2	0	0	1	1
MRA_0055	0	0	3	0	3	3	0
MRA_0056	0	0	0	0	0	0	0
MRA_0057	0	0	0	3	2	3	0
MRA_0058	0	0	0	0	0	1	1
MRA_0059	0	8	0	0	0	0	0
MRA_3840	2	20	0	3	2	18	0
MRA_3841	1	7	1	0	0	6	1
MRA_3842	6	6	12	1	8	3	17
MRA_3843	0	4	0	0	0	0	1
MRA_3844	0	6	0	0	0	5	0
MRA_3845	4	0	2	3	0	10	3
MRA_3846	2	0	1	0	0	1	0
MRA_3847	0	0	0	0	0	2	0
MRA_3848	0	18	9	0	3	1	9
MRA_3849	9	2	25	8	15	3	21
MRA_1750	770	11	99	14	28	4	85
MRA_1751	0	0	0	0	0	0	0
MRA_1752	0	0	0	0	0	0	0
MRA_1753	2	0	2	0	1	4	2
MRA_1754	2	9	8	0	1	4	6
MRA_1755	24	0	20	0	9	7	38
MRA_1756	14	0	13	2	7	5	45
MRA_1757	3	8	1	0	5	4	9
MRA_1758	9	7	15	0	11	6	12
MRA_1759	4	13	10	3	8	0	19
MRA_2392A	0	0	5	0	2	0	13
MRA_2150	5	5	6	0	1	0	8
MRA_2151	159	3	90	1	54	19	73
MRA_2152	0	0	0	2	1	2	1
MRA_2153	2	6	7	0	5	3	9
MRA_2154	8	0	17	0	13	0	36
MRA_2155	2	0	3	0	4	4	17
MRA_2156	6	0	5	1	6	4	20
MRA_2157	0	0	1	0	0	0	3
MRA_2158	18	5	47	2	20	2	58
MRA_2159	0	2	1	0	4	0	1
MRA_0060	1	21	0	2	2	10	5
MRA_0061	8	0	15	0	4	1	15
MRA_0062	17	0	60	0	29	13	53
MRA_0063	162	37	154	21	118	34	202
MRA_0064	0	5	0	2	0	1	1
MRA_0065	3	0	4	0	0	2	2
MRA_0066	7	6	7	0	10	10	11
MRA_0067	11	0	7	2	6	1	25
MRA_0068	5	27	10	0	1	0	14
MRA_0069	0	5	1	0	3	7	0
MRA_3850	24	0	55	0	26	17	80
MRA_3851	7	0	15	1	6	6	23
MRA_3852	21	0	53	3	35	9	68
MRA_3853	0	0	1	0	0	3	0
MRA_3854	0	0	2	0	0	2	1
MRA_3855	0	0	0	0	0	0	3
MRA_3856	3	1	17	0	10	0	28
MRA_3857	2	5	0	0	0	0	0
MRA_3858	2	4	3	2	3	0	1
MRA_3859	2	0	5	0	3	0	12
MRA_1760	1	1	4	0	2	0	6
MRA_1761	0	0	2	1	3	11	7
MRA_1762	7	3	1	1	3	0	10
MRA_1763	0	0	0	0	0	0	1
MRA_1764	86	16	111	1	65	48	130
MRA_1765	38	8	27	3	17	0	43
MRA_1766	20	0	43	0	21	2	35
MRA_1767	0	0	0	0	1	0	1
MRA_1768	0	0	0	0	0	0	0
MRA_1769	8	0	1	0	0	1	0
MRA_2160	0	0	1	5	1	2	1
MRA_2161	10	4	21	0	10	11	26
MRA_2162	0	0	2	0	2	0	7
MRA_2163	0	0	2	0	0	0	0
MRA_2164	0	0	1	0	0	3	0
MRA_2165	1	9	2	2	2	0	0
MRA_2166	4	0	11	0	9	4	20
MRA_2167	0	0	2	0	3	11	1
MRA_2168	0	0	0	0	1	0	1
MRA_2169	0	0	0	0	0	4	0
MRA_0070	2	0	8	0	3	7	24
MRA_0071	0	5	6	1	3	3	0
MRA_0072	1	7	2	2	7	0	5
MRA_0073	13	10	22	0	13	0	40
MRA_0074	4	5	14	0	5	7	22
MRA_0075	1	6	4	0	1	5	4
MRA_0076	0	3	0	0	1	1	0
MRA_0077	3	0	3	0	2	0	7
MRA_0078	36	0	42	0	33	8	74
MRA_0079	1	0	3	0	1	9	11
MRA_3860	46	0	96	0	54	12	118
MRA_3861	0	0	4	1	3	2	9
MRA_3862	6	0	4	0	6	4	6
MRA_3863	17	0	23	0	12	17	30
MRA_3864	3	6	9	0	0	8	6
MRA_3865	8	8	7	4	1	32	11
MRA_3866	16	9	44	0	15	19	58
MRA_3867	3	7	9	0	2	3	20
MRA_3868	0	0	0	0	1	0	0
MRA_3869	0	0	0	0	3	4	5
MRA_1770	0	0	0	0	0	0	0
MRA_1771	0	23	4	0	0	0	1
MRA_1772	0	0	0	0	0	0	0
MRA_1773	2	0	18	2	1	5	14
MRA_1774	28	5	72	0	29	20	62
MRA_1775	1	0	6	0	1	0	9
MRA_1776	0	0	0	0	1	2	1
MRA_1777	0	0	0	0	0	0	0
MRA_1778	0	0	0	0	0	0	0
MRA_1779	7	5	2	0	2	0	10
MRA_2170	1	7	1	3	0	1	0
MRA_2171	0	0	0	0	0	2	0
MRA_2172	0	7	0	0	0	4	0
MRA_2173	0	3	1	0	0	8	2
MRA_2174	0	0	0	0	0	4	1
MRA_2175	0	0	0	0	1	1	1
MRA_2176	0	4	0	0	0	0	1
MRA_2177	0	9	1	0	2	2	0
MRA_2178	34	15	39	5	11	16	34
MRA_2179	0	0	1	0	2	2	0
MRA_0080	5	4	4	0	14	9	20
MRA_0081	1	0	0	0	0	2	6
MRA_0082	0	0	1	0	0	0	0
MRA_0083	0	0	2	0	1	2	0
MRA_0084	1	0	0	1	0	0	0
MRA_0085	0	0	0	0	0	0	0
MRA_0086	0	0	0	0	0	0	0
MRA_0087	0	10	2	0	1	2	3
MRA_0088	0	5	2	0	3	0	0
MRA_0089	3	0	0	0	0	0	0
MRA_3870	0	0	1	0	1	0	3
MRA_3871	89	0	44	0	20	8	31
MRA_3872	3	0	5	4	8	0	17
MRA_3873	0	0	0	0	1	0	3
MRA_3874	0	3	4	0	4	1	5
MRA_3875	2	9	7	3	5	3	8
MRA_3876	15	0	28	0	14	4	28
MRA_3877	1	0	6	0	4	0	26
MRA_3878	6	0	5	0	4	2	4
MRA_3879	3	12	2	0	4	0	8
MRA_1780	6	0	3	0	3	0	5
MRA_1781	166	0	128	10	130	61	182
MRA_1782	3	3	0	0	1	0	1
MRA_1783	0	0	0	0	0	0	0
MRA_1784	0	6	0	4	0	12	1
MRA_1785	0	1	0	0	0	2	0
MRA_1786	1	6	0	0	1	0	4
MRA_1787	4	13	13	1	2	1	10
MRA_1788	1	3	1	3	2	0	3
MRA_1789	12	6	16	0	7	6	14
MRA_1679A	5	5	0	0	0	4	2
MRA_2180	0	0	0	2	0	2	0
MRA_2181	0	0	0	1	0	0	0
MRA_2182	0	0	0	0	0	0	0
MRA_2183	0	0	0	0	0	0	0
MRA_2184	1	0	0	1	0	2	0
MRA_2185	2	6	22	0	7	0	11
MRA_2186	26	0	225	4	70	24	283
MRA_2187	1	0	6	0	7	10	8
MRA_2188	2	10	8	4	7	4	7
MRA_0500	0	0	0	0	0	7	0
MRA_2189	13	0	21	0	9	1	52
MRA_0501	2	0	3	0	6	0	13
MRA_0502	0	5	1	0	0	4	1
MRA_0503	2	7	1	0	0	9	2
MRA_0504	5	6	5	0	2	1	12
MRA_0505	0	0	2	0	0	2	3
MRA_0506	0	0	1	0	0	2	0
MRA_0507	2	5	5	1	1	1	4
MRA_0090	0	0	1	0	0	0	7
MRA_0508	0	0	0	1	0	4	0
MRA_0091	6	0	6	0	2	0	2
MRA_0509	13	3	24	1	7	3	19
MRA_0092	2	11	1	1	3	0	11
MRA_0093	0	1	0	1	0	2	0
MRA_0094	1	0	0	0	0	0	1
MRA_0095	0	5	0	0	1	0	1
MRA_0096	16	11	19	0	14	2	22
MRA_0097	11	0	3	0	2	0	17
MRA_0098	0	0	0	0	0	0	0
MRA_0099	1	0	3	0	0	1	2
MRA_3880	10	1	12	0	3	4	6
MRA_3881	58	0	61	0	85	2	120
MRA_3882	314	14	303	4	48	68	136
MRA_3883	5	0	44	0	2	6	16
MRA_3884	0	0	0	0	0	0	0
MRA_3885	11	0	28	0	10	0	29
MRA_3886	1	3	2	0	0	0	3
MRA_3887	4	0	2	0	1	1	8
MRA_3888	2	4	0	1	0	8	1
MRA_3889	0	0	0	0	0	0	0
MRA_1790	0	10	0	0	0	6	0
MRA_1791	5	0	1	0	0	0	2
MRA_1792	14	0	21	0	5	3	31
MRA_1793	1	13	23	2	7	12	26
MRA_1794	2	0	6	0	2	1	3
MRA_1795	2	0	8	1	0	1	3
MRA_1796	23	0	87	5	18	16	132
MRA_1797	0	6	2	1	0	2	3
MRA_1798	14	14	31	0	15	11	24
MRA_1799	29	6	50	0	39	6	86
MRA_2600	0	7	4	0	0	0	2
MRA_2601	4	1	5	3	2	4	4
MRA_2602	0	0	3	0	0	0	2
MRA_2603	3	0	3	0	0	1	6
MRA_2604	17	2	40	0	22	10	78
MRA_2605	0	0	3	0	4	4	10
MRA_2606	5	3	6	0	3	1	5
MRA_2607	0	5	4	0	0	5	3
MRA_2190	5	1	17	0	2	1	15
MRA_2608	1	0	23	0	4	0	24
MRA_2191	4	13	8	3	2	0	5
MRA_2609	0	6	3	0	0	4	4
MRA_2192	3	5	1	0	6	0	9
MRA_2193	1	4	1	0	4	2	5
MRA_2194	0	0	3	0	1	2	1
MRA_2195	12	10	18	1	10	4	13
MRA_2196	29	6	64	0	24	2	60
MRA_2197	9	0	12	0	8	0	22
MRA_2198	0	0	1	0	0	0	2
MRA_0510	40	1	46	0	39	10	127
MRA_2199	0	1	2	0	0	1	3
MRA_0511	26	0	53	0	31	12	81
MRA_0512	8	0	1	0	3	0	3
MRA_0513	0	0	0	0	0	0	0
MRA_0514	0	0	3	1	0	3	2
MRA_0515	11	0	16	0	19	5	18
MRA_0516	3	7	8	2	2	2	11
MRA_0517	0	0	1	0	0	0	0
MRA_0518	0	0	0	0	0	0	0
MRA_3000	6	0	49	0	14	0	75
MRA_0519	0	2	0	0	0	3	0
MRA_3001	1	11	10	1	0	8	12
MRA_3002	0	8	0	0	0	3	1
MRA_3003	0	0	0	0	0	0	0
MRA_3004	0	0	9	0	1	3	10
MRA_3005	48	0	64	0	43	19	80
MRA_3006	0	0	3	0	0	4	4
MRA_3007	0	10	0	0	3	5	0
MRA_3008	0	6	0	0	0	0	0
MRA_3009	0	2	3	0	0	1	3
MRA_3890	0	0	0	1	0	0	1
MRA_3891	0	0	0	0	0	0	0
MRA_3892	0	1	4	9	2	0	4
MRA_3893	148	0	64	0	7	35	24
MRA_3894	14	0	13	0	18	2	27
MRA_3895	0	0	1	0	7	0	10
MRA_3896	5	0	12	0	1	3	8
MRA_3897	5	0	1	0	0	0	1
MRA_3898	0	0	1	0	0	17	1
MRA_3899	0	17	11	0	1	21	3
MRA_2610	0	0	0	0	0	0	0
MRA_2611	8	0	23	0	7	3	30
MRA_2612	1	0	10	0	5	6	13
MRA_2613	0	0	0	0	0	0	0
MRA_2614	31	4	32	1	16	16	33
MRA_2615	16	0	40	2	11	3	56
MRA_2616	3	0	33	0	6	5	14
MRA_2617	0	5	8	0	1	1	1
MRA_2618	1	0	24	0	6	9	33
MRA_2619	0	13	8	0	3	10	7
MRA_0520	0	0	2	0	0	0	1
MRA_0521	0	0	5	0	1	0	5
MRA_0522	3	0	30	2	34	2	96
MRA_0523	4	0	12	0	0	2	3
MRA_0524	7	0	11	0	15	11	26
MRA_0525	12	10	30	2	22	2	27
MRA_0526	0	4	8	0	5	0	8
MRA_0527	1	0	5	0	0	0	2
MRA_0528	0	0	2	0	1	0	5
MRA_3010	0	4	14	0	5	4	15
MRA_0529	41	0	45	1	41	3	88
MRA_3011	0	0	0	0	0	0	0
MRA_3012	0	11	0	2	0	0	0
MRA_3013	2	5	15	0	5	15	15
MRA_3014	28	12	85	3	76	19	134
MRA_3015	4	6	18	0	18	7	16
MRA_3016	0	0	0	2	1	1	1
MRA_3017	1	11	0	3	0	8	0
MRA_3018	14	4	23	1	46	1	153
MRA_3019	12	9	52	0	37	6	46
MRA_2620	0	3	9	0	6	0	9
MRA_2621	0	0	6	0	0	2	8
MRA_2622	0	0	2	0	0	0	2
MRA_2623	0	8	0	0	0	0	0
MRA_2624	4	0	1	0	1	0	1
MRA_2625	0	3	0	1	0	2	0
MRA_2626	0	0	0	0	0	0	0
MRA_2627	0	4	1	0	0	0	0
MRA_2628	0	0	2	0	0	0	0
MRA_2629	8	8	42	0	26	6	43
MRA_0530	4	3	10	0	5	1	10
MRA_0531	5	0	9	2	2	0	8
MRA_0532	0	0	0	0	0	0	2
MRA_0533	0	0	0	0	0	0	0
MRA_0534	0	0	0	0	1	0	2
MRA_0535	0	13	0	0	0	0	1
MRA_0536	2	14	4	0	0	20	0
MRA_0537	7	0	12	1	7	0	30
MRA_0538	0	0	1	0	1	1	0
MRA_3020	0	0	6	0	5	0	13
MRA_0539	8	0	10	1	15	4	24
MRA_3021	0	0	4	0	3	2	6
MRA_3022	1	2	5	0	6	10	5
MRA_3023	12	0	29	0	12	1	54
MRA_3024	9	0	13	0	13	0	20
MRA_3025	1	0	1	4	0	6	6
MRA_3026	15	15	24	0	16	3	21
MRA_3027	9	2	7	0	1	4	9
MRA_3028	0	0	6	0	1	3	5
MRA_3029	32	5	55	0	31	3	53
MRA_2630	36	0	35	0	18	0	81
MRA_2631	1	0	9	0	4	5	15
MRA_2632	0	2	1	1	1	0	2
MRA_2633	2	0	5	0	0	0	0
MRA_2634	5	0	4	0	1	2	4
MRA_2635	0	5	2	1	0	0	3
MRA_2636	21	5	26	8	22	11	38
MRA_2637	0	6	1	0	0	3	5
MRA_2638	0	4	1	0	2	3	1
MRA_2639	0	0	0	0	0	0	3
MRA_0540	4	3	12	0	7	2	12
MRA_0541	2	0	1	2	4	0	10
MRA_0542	1	8	1	0	0	1	0
MRA_0543	7	0	6	4	9	1	16
MRA_0544	1	0	4	9	1	4	10
MRA_0545	16	3	64	6	49	11	99
MRA_0546	2	0	10	1	5	0	18
MRA_0547	2	0	3	2	1	0	4
MRA_0548	4	11	13	0	12	0	9
MRA_3030	1	0	0	0	3	0	3
MRA_0549	2	0	0	2	0	0	5
MRA_3031	0	4	0	0	0	0	2
MRA_3032	0	0	1	0	7	3	0
MRA_3033	1	7	0	0	4	6	2
MRA_3034	9	10	27	0	24	2	59
MRA_3035	5	14	31	5	9	8	29
MRA_3036	12	12	10	0	2	1	16
MRA_3037	103	6	125	3	101	26	245
MRA_3038	23	5	31	5	20	6	42
MRA_t01	0	4	0	0	0	0	0
MRA_3039	5	6	6	1	2	3	12
MRA_t02	0	0	0	0	0	2	0
MRA_t03	0	0	0	0	0	0	0
MRA_t04	0	0	0	0	1	0	0
MRA_t05	0	0	0	0	0	0	0
MRA_t06	0	0	0	0	0	2	1
MRA_t07	0	0	0	0	0	0	0
MRA_t08	0	5	0	0	0	0	0
MRA_t09	0	0	0	1	0	0	0
MRA_2690A	4	0	23	6	11	4	30
MRA_2640	0	0	1	0	1	0	4
MRA_2641	0	0	1	2	1	3	1
MRA_2642	0	0	1	2	0	7	1
MRA_2643	1	0	1	0	1	0	5
MRA_2644	4	0	12	0	0	21	15
MRA_2645	10	0	16	0	11	3	6
MRA_2646	60	4	16	2	2	8	8
MRA_2647	0	0	1	0	0	0	2
MRA_2648	1	0	4	1	0	0	3
MRA_2649	0	0	0	0	0	4	1
MRA_0550	0	0	0	1	0	0	0
MRA_0551	2	0	1	0	0	2	0
MRA_0552	2	0	9	1	3	0	7
MRA_0553	2	0	3	0	1	3	2
MRA_0554	0	4	1	0	0	4	0
MRA_0555	0	0	1	0	0	1	1
MRA_0556	0	4	0	0	0	4	0
MRA_0557	1	0	0	0	0	0	0
MRA_0558	1	22	1	2	1	7	8
MRA_3040	2	0	3	0	1	1	1
MRA_0559	6	14	10	3	3	0	18
MRA_3041	1	1	0	2	0	11	0
MRA_3042	0	0	0	0	0	3	0
MRA_3043	10	0	4	0	1	0	15
MRA_3044	5	1	4	0	0	2	6
MRA_3045	0	0	0	2	1	1	2
MRA_3046	10	0	11	0	6	4	18
MRA_3047	0	0	1	0	1	0	5
MRA_t10	0	0	0	0	0	0	0
MRA_3048	1	9	5	0	0	1	4
MRA_t11	0	0	0	0	0	0	0
MRA_3049	0	0	1	0	0	4	0
MRA_t12	0	0	0	0	0	0	0
MRA_t13	0	0	0	0	0	0	0
MRA_t14	0	0	1	0	0	1	0
MRA_t15	0	0	0	0	0	0	0
MRA_t16	0	0	1	0	0	0	0
MRA_t17	0	0	0	0	1	2	0
MRA_t18	0	0	0	0	0	0	0
MRA_t19	0	0	0	3	0	0	0
MRA_2650	0	0	0	0	0	0	3
MRA_2651	0	0	0	0	7	0	11
MRA_2652	37	3	17	3	23	2	87
MRA_2653	1	5	2	0	3	0	5
MRA_2654	0	4	1	0	0	1	1
MRA_2655	4	0	2	3	1	3	1
MRA_2656	2	0	4	2	3	1	15
MRA_2657	0	0	0	0	2	2	1
MRA_2658	0	0	2	0	0	0	3
MRA_2659	10	6	9	0	14	5	41
MRA_0560	0	0	1	0	1	1	1
MRA_0561	0	1	0	0	0	0	0
MRA_0562	0	0	1	0	1	11	2
MRA_0563	0	4	3	0	0	0	0
MRA_0564	0	2	3	0	0	0	2
MRA_0565	22	0	46	0	9	2	51
MRA_0566	13	0	19	0	10	0	34
MRA_0567	2	0	4	2	0	0	6
MRA_0568	2	0	0	0	0	0	0
MRA_3050	0	0	0	0	0	0	0
MRA_0569	0	0	3	0	0	4	0
MRA_3051	0	1	0	0	0	0	0
MRA_3052	0	0	0	0	0	2	2
MRA_3053	0	5	0	0	0	0	0
MRA_3054	0	0	0	0	0	0	0
MRA_3055	19	0	10	0	2	5	13
MRA_3056	0	2	0	0	0	0	3
MRA_3057	1	0	2	0	1	13	2
MRA_t20	0	0	0	0	0	0	0
MRA_3058	0	0	1	0	0	3	1
MRA_t21	0	0	0	0	0	0	0
MRA_3059	0	5	0	0	0	0	2
MRA_t22	4	0	4	0	0	4	0
MRA_t23	0	0	0	0	0	0	0
MRA_t24	0	0	0	0	0	6	0
MRA_t25	0	0	0	1	0	2	0
MRA_t26	0	0	0	0	0	0	0
MRA_0673A	0	1	0	0	0	0	0
MRA_t27	2	0	0	0	0	0	0
MRA_t28	0	11	0	0	0	0	0
MRA_t29	0	0	0	0	0	0	0
MRA_2660	18	0	12	2	23	2	27
MRA_2661	0	0	1	0	2	0	1
MRA_2662	0	1	1	0	1	0	0
MRA_2663	0	1	0	0	0	3	2
MRA_2664	0	0	4	0	1	6	3
MRA_2665	0	0	0	0	0	0	1
MRA_2666	0	2	4	0	1	4	8
MRA_2667	0	0	7	0	1	0	0
MRA_2668	0	0	3	0	1	0	1
MRA_2669	0	2	1	0	1	0	5
MRA_0570	0	0	2	0	0	1	3
MRA_0571	87	5	46	0	55	18	131
MRA_0572	35	0	15	0	22	20	50
MRA_0573	0	0	0	1	0	0	0
MRA_0574	2	3	2	3	2	0	3
MRA_0575	0	0	0	0	0	1	5
MRA_0576	0	0	0	0	1	0	0
MRA_0577	5	0	3	0	0	5	10
MRA_0578	0	14	3	0	0	4	5
MRA_3060	2	0	1	0	0	0	0
MRA_0579	0	0	0	0	0	5	0
MRA_3061	1	0	2	0	0	0	2
MRA_3062	0	5	7	0	0	0	0
MRA_3063	0	4	0	1	0	0	0
MRA_3064	0	11	0	1	1	0	0
MRA_3065	4	0	11	0	5	1	8
MRA_3066	0	0	2	0	1	6	2
MRA_3067	4	5	14	1	17	5	44
MRA_t30	0	0	0	0	0	0	0
MRA_3068	7	18	10	1	15	0	18
MRA_t31	0	7	0	0	0	0	4
MRA_3069	0	0	0	0	1	1	0
MRA_t32	0	1	0	0	0	1	1
MRA_t33	0	0	0	0	0	0	0
MRA_t34	0	0	0	0	0	0	0
MRA_t35	0	0	0	0	0	0	0
MRA_t36	0	0	0	0	0	0	0
MRA_t37	0	0	0	0	0	3	0
MRA_t38	0	0	0	0	0	0	0
MRA_t39	0	0	0	0	0	0	0
MRA_2670	0	0	0	1	0	0	0
MRA_2671	0	11	0	0	1	1	2
MRA_2672	6	0	7	0	1	2	16
MRA_2673	1	6	0	0	0	0	1
MRA_2674	1	0	2	0	1	0	2
MRA_2675	2	10	4	0	3	0	10
MRA_2676	0	0	0	0	0	1	0
MRA_2677	0	0	0	0	0	0	0
MRA_2678	0	0	0	0	0	0	0
MRA_2679	3	0	12	0	7	0	7
MRA_1768A	1	5	4	0	3	1	0
MRA_1768B	5	0	13	2	5	3	20
MRA_1768C	0	0	1	0	0	3	0
MRA_1768D	9	0	9	0	5	5	7
MRA_0580	1	19	4	1	5	3	5
MRA_0581	1	9	0	0	2	11	1
MRA_0582	11	7	4	2	0	1	8
MRA_0583	1	0	3	0	1	5	4
MRA_0584	4	0	8	0	6	0	11
MRA_0585	0	9	16	0	6	8	10
MRA_0586	4	10	25	0	10	3	25
MRA_0587	0	0	1	4	1	1	2
MRA_0588	5	0	0	0	0	0	2
MRA_3070	4	0	4	0	2	4	7
MRA_0589	1	0	8	0	8	1	8
MRA_3071	0	0	0	0	1	0	0
MRA_3072	0	5	2	1	0	0	0
MRA_3073	0	0	0	0	0	0	0
MRA_3074	1	0	1	0	1	2	2
MRA_3075	15	3	23	3	14	7	12
MRA_3076	0	0	6	0	3	1	9
MRA_3077	6	4	19	0	11	5	27
MRA_t40	0	20	0	0	0	0	0
MRA_3078	39	0	56	2	31	10	95
MRA_t41	0	0	0	0	0	0	0
MRA_3079	0	10	1	0	0	0	4
MRA_t42	0	0	0	0	0	0	0
MRA_t43	0	0	0	0	0	0	0
MRA_t44	0	0	0	0	0	2	0
MRA_t45	0	0	1	0	0	0	0
MRA_2680	1	12	0	0	0	1	2
MRA_2681	0	0	0	0	0	0	0
MRA_2682	0	4	1	0	0	0	3
MRA_2683	0	5	0	0	0	0	0
MRA_2684	0	0	0	1	0	0	0
MRA_2685	5	0	10	5	1	3	14
MRA_2686	11	0	28	0	13	5	50
MRA_2687	2	0	5	0	2	0	14
MRA_2688	2	0	8	0	0	6	14
MRA_2689	12	0	10	3	3	5	4
MRA_0590	18	0	9	2	13	3	27
MRA_0591	11	4	23	1	13	12	20
MRA_0592	26	2	22	4	18	26	34
MRA_0593	1	8	2	0	0	0	0
MRA_0594	4	0	3	0	1	0	3
MRA_0595	0	0	0	3	1	1	0
MRA_0596	1	2	2	0	0	8	0
MRA_0597	0	4	1	0	1	0	2
MRA_0598	0	0	0	0	0	0	0
MRA_3080	0	0	4	7	0	0	0
MRA_0599	0	1	1	0	0	0	0
MRA_3081	10	0	14	0	5	8	35
MRA_3082	1	0	0	0	1	0	3
MRA_3083	1	9	2	3	3	2	1
MRA_3084	5	0	2	0	0	0	2
MRA_3085	0	0	0	0	0	0	0
MRA_3086	0	3	1	0	0	2	2
MRA_3087	0	0	0	0	0	0	0
MRA_3088	9	0	8	0	3	1	9
MRA_3089	0	0	2	0	1	2	0
MRA_1400	0	0	1	0	3	0	2
MRA_1401	0	0	1	0	0	3	1
MRA_1402	6	0	27	2	7	10	38
MRA_1403	26	6	6	2	4	2	5
MRA_1404	4	5	30	3	14	7	37
MRA_1405	0	0	1	0	2	3	5
MRA_1406	0	1	1	0	0	2	4
MRA_1407	0	0	1	0	0	0	0
MRA_1408	0	0	0	0	1	0	10
MRA_1409	2	11	3	0	0	0	9
MRA_2690	66	0	31	3	26	148	44
MRA_2691	0	0	4	3	1	0	5
MRA_2692	0	0	0	0	0	3	2
MRA_2693	22	0	38	0	17	3	39
MRA_2694	0	0	0	0	0	0	0
MRA_2695	0	0	0	0	0	4	0
MRA_2696	1	0	2	0	0	2	0
MRA_2697	5	4	2	5	0	0	8
MRA_2698	4	10	7	0	3	3	7
MRA_2699	0	0	0	0	0	2	1
MRA_3500	0	2	3	0	8	0	3
MRA_3501	0	9	0	0	1	1	4
MRA_3502	0	0	0	0	0	0	2
MRA_3503	0	0	0	0	0	0	0
MRA_3504	2	0	8	0	4	4	6
MRA_3505	1	0	1	0	1	7	6
MRA_3506	0	0	0	0	0	0	0
MRA_3507	0	0	0	0	1	1	0
MRA_3090	1	0	0	0	0	1	0
MRA_3508	3	0	13	0	5	4	15
MRA_3091	9	4	28	7	23	12	37
MRA_3509	0	0	1	0	0	4	1
MRA_3092	2	5	15	0	9	1	12
MRA_3093	0	7	0	2	1	5	6
MRA_3094	9	12	9	1	13	8	35
MRA_3095	3	14	18	0	11	2	25
MRA_3096	1	1	4	0	2	0	1
MRA_3097	6	7	15	0	3	5	18
MRA_3098	8	0	4	0	0	1	3
MRA_3099	5	4	9	0	1	0	6
MRA_1410	3	0	0	0	2	2	2
MRA_1411	1	1	0	0	0	1	3
MRA_1412	10	6	24	5	7	9	34
MRA_1413	1	0	4	1	0	6	4
MRA_1414	13	0	15	6	5	3	24
MRA_1415	0	3	0	0	0	0	0
MRA_1416	1	0	1	0	0	11	5
MRA_1417	0	0	2	0	3	0	7
MRA_1418	73	0	114	7	57	17	193
MRA_1419	16	9	23	0	11	5	52
MRA_3510	0	4	5	0	0	4	0
MRA_3511	1	0	0	0	0	0	1
MRA_3512	0	5	0	0	0	0	0
MRA_3513	2	9	3	2	1	0	7
MRA_3514	0	0	0	0	0	0	0
MRA_3515	4	0	3	0	0	0	2
MRA_3516	17	7	26	1	15	9	30
MRA_3517	0	10	2	0	0	1	2
MRA_3518	5	4	5	3	0	2	7
MRA_3519	6	8	39	7	8	8	27
MRA_1420	0	0	4	2	1	0	7
MRA_1421	0	0	4	0	4	0	2
MRA_1422	1	3	0	0	0	0	0
MRA_1423	4	0	0	0	0	0	1
MRA_1424	0	2	2	0	0	10	1
MRA_1425	0	0	0	0	0	0	1
MRA_1426	0	0	0	0	0	0	0
MRA_1427	0	0	1	0	0	4	1
MRA_1428	2	0	2	0	3	0	2
MRA_1429	1	0	1	8	0	13	3
MRA_2318A	0	3	0	0	0	1	0
MRA_3520	3	8	10	0	2	7	6
MRA_3521	1	0	3	0	3	2	2
MRA_3522	0	0	1	0	0	0	0
MRA_3523	6	4	18	0	5	2	22
MRA_3524	3	11	9	1	12	2	31
MRA_3525	11	9	79	2	33	9	79
MRA_3526	0	0	5	0	7	0	13
MRA_3527	2	0	10	0	5	1	11
MRA_3528	0	0	2	0	0	5	2
MRA_3529	0	0	0	0	0	0	0
MRA_1430	1	3	6	0	2	4	3
MRA_1431	2	6	1	0	2	0	8
MRA_1432	1	2	1	0	1	10	3
MRA_1433	10	0	26	0	10	6	37
MRA_1434	10	0	9	1	12	5	20
MRA_1435	15	5	15	3	11	6	24
MRA_1436	1	0	2	1	2	6	1
MRA_1437	4	0	6	0	3	0	4
MRA_1438	0	0	0	2	0	2	0
MRA_1439	51	0	104	0	28	11	61
MRA_3530	2	0	3	1	0	2	8
MRA_3531	8	1	7	2	12	2	20
MRA_3532	8	11	15	0	7	13	37
MRA_3533	1	0	1	0	0	1	3
MRA_3534	2	0	1	0	0	0	1
MRA_3535	21	3	9	0	7	0	11
MRA_3536	5	0	3	0	6	4	3
MRA_3537	2	0	2	0	4	4	6
MRA_3538	0	4	1	2	5	2	0
MRA_3539	2	0	1	2	0	2	2
MRA_1440	9	15	12	3	9	5	13
MRA_1441	3	0	12	0	5	10	25
MRA_1442	0	0	22	0	9	5	47
MRA_1443	2	0	3	3	5	4	13
MRA_1444	1	0	0	1	1	3	1
MRA_1445	0	4	1	2	2	5	0
MRA_1446	3	3	0	0	0	2	4
MRA_1447	5	0	17	0	4	1	12
MRA_1448	22	6	17	0	12	0	21
MRA_1449	0	6	10	0	1	2	7
MRA_3540	7	0	7	0	2	11	6
MRA_3541	1	0	2	0	0	2	4
MRA_3542	0	0	2	0	3	1	1
MRA_3543	0	0	0	0	0	0	0
MRA_3544	7	0	1	2	1	0	1
MRA_3545	0	3	0	0	0	2	0
MRA_3546	3	0	1	0	0	7	3
MRA_3547	0	1	4	4	2	6	2
MRA_3548	0	6	0	1	2	2	2
MRA_3549	17	10	33	3	6	13	22
MRA_1450	4	0	5	0	1	7	10
MRA_1451	4	10	4	0	1	3	7
MRA_1452	4	0	5	1	6	2	5
MRA_1453	0	0	0	0	0	0	0
MRA_1454	0	0	0	0	0	0	1
MRA_1455	1	16	1	0	1	0	2
MRA_1456	0	5	1	0	1	4	0
MRA_0971A	0	0	2	0	0	0	3
MRA_1457	1	0	1	1	1	4	3
MRA_1458	3	16	8	1	6	6	15
MRA_1459	1	0	5	0	4	13	7
MRA_3550	0	0	1	0	0	2	4
MRA_3551	0	0	1	0	0	3	4
MRA_3552	0	0	1	0	3	3	0
MRA_3553	0	0	1	0	0	7	3
MRA_3554	11	9	5	0	0	1	3
MRA_3555	0	2	1	1	0	2	2
MRA_3556	0	3	14	0	0	0	6
MRA_3557	0	1	2	0	3	2	6
MRA_3558	32	1	46	0	28	11	86
MRA_3559	43	4	48	1	23	9	77
MRA_1460	4	4	3	1	0	6	1
MRA_1461	3	6	7	0	8	4	21
MRA_1462	23	0	60	0	32	14	74
MRA_1463	1	0	13	0	4	0	36
MRA_1464	0	0	5	0	0	3	9
MRA_1465	0	0	2	0	1	0	3
MRA_1466	0	0	0	0	3	1	0
MRA_1467	0	0	1	0	0	1	0
MRA_1468	2	0	8	0	2	6	21
MRA_1469	0	0	1	0	0	1	1
MRA_3560	29	0	35	0	18	6	30
MRA_3561	8	32	9	0	5	5	14
MRA_3562	0	5	0	0	0	0	0
MRA_3563	14	2	20	2	8	3	19
MRA_3564	6	0	16	2	10	12	19
MRA_3565	0	0	0	3	0	3	1
MRA_3566	0	0	1	2	1	0	8
MRA_3567	4	0	2	0	9	12	9
MRA_3568	2	0	7	2	3	1	7
MRA_3569	0	0	0	0	0	1	0
MRA_1470	1	1	0	3	0	8	1
MRA_1471	0	5	0	0	0	2	0
MRA_1472	0	0	0	2	0	0	0
MRA_1473	0	0	1	0	0	0	0
MRA_1474	0	0	0	0	0	0	0
MRA_1475	0	0	0	0	2	1	1
MRA_1476	8	2	62	0	5	15	29
MRA_1477	1	0	5	0	2	0	5
MRA_1478	9	0	19	0	13	5	20
MRA_1479	1	0	1	0	0	0	0
MRA_3570	21	2	17	1	6	10	35
MRA_3571	0	0	3	3	1	1	10
MRA_3572	3	11	25	0	12	13	41
MRA_3573	1	6	0	0	1	0	2
MRA_3574	0	0	0	0	0	2	0
MRA_3575	0	0	1	0	0	7	0
MRA_3576	0	0	7	0	0	0	15
MRA_3577	0	3	0	0	0	0	0
MRA_3578	6	7	16	0	6	10	12
MRA_3579	0	0	0	0	0	2	2
MRA_1480	0	0	2	0	0	0	0
MRA_1481	1	0	4	0	7	6	9
MRA_1482	0	10	0	3	0	6	1
MRA_1483	0	0	4	0	0	2	0
MRA_1484	0	0	1	0	0	1	2
MRA_1485	6	0	3	0	0	6	0
MRA_1486	2	0	3	0	0	5	4
MRA_1487	0	0	1	0	5	2	1
MRA_1488	0	0	0	0	0	1	0
MRA_1489	0	3	0	0	0	3	1
MRA_0200	5	0	1	0	0	5	8
MRA_0201	4	10	31	1	19	1	33
MRA_0202	9	6	12	1	9	4	20
MRA_0203	8	0	7	3	4	1	15
MRA_0204	0	0	1	0	0	2	0
MRA_0205	4	14	9	1	0	10	7
MRA_0206	7	9	18	0	1	5	20
MRA_0207	28	4	13	0	3	0	22
MRA_0208	0	0	13	0	7	3	30
MRA_0209	3	0	0	4	1	4	6
MRA_3580	0	6	0	0	0	0	0
MRA_3581	2	6	1	0	1	0	3
MRA_3582	0	0	3	0	1	10	0
MRA_3583	0	6	2	1	0	6	0
MRA_3584	4	7	6	0	2	0	3
MRA_3585	0	6	0	4	0	4	1
MRA_3586	10	18	17	2	16	0	19
MRA_3587	39	0	21	0	17	13	46
MRA_3588	0	1	0	0	0	0	3
MRA_3589	0	0	0	0	2	2	0
MRA_1900	5	0	9	3	7	0	12
MRA_1901	3	0	5	1	3	5	8
MRA_1902	3	3	3	0	0	1	2
MRA_1903	0	0	1	0	2	3	1
MRA_1904	2	0	1	0	0	7	7
MRA_1905	20	1	19	1	17	1	27
MRA_1906	5	0	6	0	1	0	2
MRA_1907	25	11	16	2	13	3	23
MRA_1490	0	0	1	0	2	1	1
MRA_1908	17	0	16	0	7	13	24
MRA_1491	0	13	1	1	0	3	0
MRA_1909	0	0	2	0	1	0	6
MRA_1492	3	13	22	0	3	5	34
MRA_1493	0	0	0	0	0	0	0
MRA_1494	0	0	0	0	0	1	1
MRA_1495	8	0	18	0	3	7	62
MRA_1496	0	0	0	0	1	0	0
MRA_1497	4	0	4	2	3	1	6
MRA_1498	1	0	5	0	0	0	3
MRA_1499	0	0	1	2	2	0	3
MRA_1940A	0	13	0	1	0	0	1
MRA_2300	0	0	5	0	1	13	1
MRA_2301	0	0	11	0	0	2	4
MRA_2302	0	0	2	0	0	4	5
MRA_2303	5	0	6	0	6	0	16
MRA_2304	6	0	4	0	3	4	8
MRA_2305	8	9	9	1	4	8	15
MRA_2306	16	0	9	1	6	0	13
MRA_2307	0	6	2	0	2	0	3
MRA_2308	0	0	2	0	1	0	1
MRA_2309	7	0	16	2	9	1	18
MRA_0210	3	14	13	2	3	12	6
MRA_0211	0	0	3	0	1	1	10
MRA_0212	51	2	97	0	72	21	107
MRA_0213	23	2	83	2	70	6	114
MRA_0214	5	0	18	3	7	24	27
MRA_0215	26	2	56	7	15	3	62
MRA_0216	2	4	5	0	8	7	5
MRA_0217	0	0	1	0	0	3	0
MRA_0218	0	0	0	0	0	2	0
MRA_0219	2	21	1	3	0	1	6
MRA_3590	0	0	0	0	1	3	0
MRA_3591	0	0	0	0	0	4	2
MRA_3592	2	3	3	0	3	1	2
MRA_3593	8	0	20	1	8	5	31
MRA_3594	12	11	6	7	8	8	16
MRA_3595	0	6	4	0	1	9	5
MRA_3596	1	0	6	0	3	2	2
MRA_3597	21	0	8	3	28	8	47
MRA_3598	1	6	0	0	5	4	12
MRA_3599	2	0	0	1	0	5	0
MRA_1910	25	4	32	4	12	0	40
MRA_1911	0	5	11	0	2	5	18
MRA_1912	11	1	23	0	14	7	24
MRA_1913	66	0	125	7	90	21	177
MRA_1914	13	0	22	0	16	15	17
MRA_1915	5	0	16	0	10	0	18
MRA_1916	5	2	15	0	9	0	25
MRA_1917	0	0	1	0	0	3	1
MRA_1918	0	9	2	0	1	1	5
MRA_1919	0	1	3	2	0	1	5
MRA_2310	5	0	28	0	18	0	36
MRA_2311	1	0	3	0	2	3	11
MRA_2312	1	2	3	0	0	1	1
MRA_2313	18	0	15	1	9	0	20
MRA_2314	0	0	1	0	0	3	0
MRA_2315	6	0	11	0	5	0	25
MRA_2316	9	9	8	0	5	12	9
MRA_2317	17	5	4	0	5	3	8
MRA_2318	0	0	3	0	2	0	2
MRA_2319	62	0	44	3	49	3	87
MRA_0220	21	0	79	3	19	5	86
MRA_0221	60	0	109	5	46	22	89
MRA_0222	7	11	14	0	1	6	22
MRA_0223	2	1	3	5	1	0	0
MRA_0224	4	12	6	0	0	7	15
MRA_0225	4	25	6	0	3	2	22
MRA_0226	9	6	38	0	7	4	24
MRA_0227	1	0	2	0	0	0	0
MRA_0228	0	0	1	0	0	1	0
MRA_0229	0	9	1	0	0	2	3
MRA_1920	0	0	5	0	2	0	6
MRA_1921	1	5	0	0	0	1	16
MRA_1922	0	0	3	0	0	11	5
MRA_1923	0	5	0	2	0	1	3
MRA_1924	4	0	10	0	7	1	19
MRA_1925	0	21	3	0	0	3	4
MRA_1926	1	2	0	0	2	2	3
MRA_1927	0	0	1	0	1	3	0
MRA_1928	43	29	69	9	49	19	69
MRA_1929	83	29	38	3	24	15	80
MRA_2320	0	0	0	0	1	0	0
MRA_2321	6	3	6	0	2	6	14
MRA_2322	31	0	46	0	22	5	51
MRA_2323	5	9	1	0	1	1	6
MRA_2324	3	0	5	0	2	1	2
MRA_2325	0	0	2	0	2	0	2
MRA_2326	0	0	2	0	3	0	0
MRA_2327	5	10	5	0	2	1	15
MRA_2328	1	3	9	0	7	2	15
MRA_2329	2	0	8	0	6	2	4
MRA_0230	4	0	1	0	3	0	4
MRA_0231	12	7	42	0	18	0	50
MRA_0232	1	10	10	0	7	1	20
MRA_0233	1	3	2	1	2	6	3
MRA_0234	7	2	5	0	3	3	11
MRA_0235	0	5	1	4	0	5	0
MRA_0236	11	0	39	3	21	5	52
MRA_0237	3	0	2	0	5	2	10
MRA_0238	4	0	11	3	6	0	9
MRA_0239	13	8	10	0	3	0	11
MRA_1930	0	7	3	0	2	8	1
MRA_1931	0	0	2	0	1	0	3
MRA_1932	15	0	10	0	8	6	21
MRA_1933	0	0	1	0	0	6	2
MRA_1934	21	5	42	2	27	21	70
MRA_1935	10	0	26	0	12	1	60
MRA_1936	12	7	10	1	1	9	16
MRA_1937	116	0	385	6	143	75	486
MRA_1938	12	0	12	0	3	6	16
MRA_1939	33	8	67	2	29	19	103
MRA_1694A	0	0	2	0	0	0	0
MRA_2330	0	0	1	0	0	0	0
MRA_2331	5	0	6	0	1	0	6
MRA_2332	5	1	8	3	5	1	19
MRA_2333	2	9	0	0	0	3	1
MRA_2334	1	17	0	0	0	2	0
MRA_2335	0	5	0	0	0	7	0
MRA_2336	0	0	1	0	1	1	0
MRA_2337	0	0	0	0	2	1	0
MRA_2338	5	6	6	3	3	1	8
MRA_2339	0	2	1	0	1	1	0
MRA_0240	0	0	0	0	0	5	0
MRA_0241	3	4	4	0	2	10	6
MRA_0242	1	4	6	0	7	3	11
MRA_0243	6	8	15	0	9	9	23
MRA_0244	30	5	54	1	20	11	51
MRA_0245	0	0	2	0	0	0	0
MRA_0246	0	0	0	0	0	1	5
MRA_0247	1	0	0	0	0	0	4
MRA_0248	0	0	0	0	0	0	0
MRA_0249	44	6	25	1	13	0	20
MRA_1940	1	0	6	0	0	0	1
MRA_1941	0	5	0	0	0	0	0
MRA_1942	5	0	0	0	0	0	1
MRA_1943	41	3	46	0	33	10	90
MRA_1944	0	10	14	3	1	0	7
MRA_1945	1	0	0	0	0	0	1
MRA_1946	0	0	0	0	0	0	0
MRA_1947	5	6	6	3	4	6	15
MRA_1948	0	7	1	1	1	1	0
MRA_1949	1	0	1	0	3	4	7
MRA_2340	1	0	0	0	3	10	5
MRA_2341	0	0	0	0	0	0	0
MRA_2342	0	0	0	0	0	1	0
MRA_2343	1	0	1	0	2	3	8
MRA_2344	0	4	9	0	5	4	11
MRA_2345	0	0	2	0	1	0	1
MRA_2346	0	0	1	0	0	3	3
MRA_2347	1	0	1	0	0	0	3
MRA_2348	6	0	19	0	5	3	13
MRA_2349	6	3	34	0	7	10	21
MRA_2998A	14	0	30	1	9	10	24
MRA_0250	13	11	54	2	11	9	62
MRA_0251	0	0	5	2	0	1	0
MRA_0252	1	7	13	0	2	3	16
MRA_0253	9	5	18	1	18	10	20
MRA_0254	5	0	7	2	4	6	17
MRA_0255	249	0	190	2	182	45	293
MRA_0256	1	0	3	0	0	7	4
MRA_0257	11	12	16	1	3	4	21
MRA_0258	2	0	7	1	3	3	2
MRA_0259	0	0	0	0	0	0	1
MRA_1950	1	4	10	3	7	1	16
MRA_1951	24	0	46	0	30	5	88
MRA_1952	1	0	2	0	4	6	8
MRA_1953	0	0	0	0	0	0	0
MRA_1954	1	0	1	1	0	1	3
MRA_1955	6	5	12	0	0	3	4
MRA_1956	30	0	29	0	17	6	32
MRA_1957	0	5	1	0	2	1	5
MRA_1958	7	0	4	0	3	8	11
MRA_1959	6	5	11	0	2	1	11
MRA_2350	0	0	1	0	0	3	2
MRA_2351	0	14	0	5	0	2	0
MRA_2352	1	0	7	1	3	7	16
MRA_2353	8	2	17	1	6	7	15
MRA_2354	0	0	3	0	0	8	0
MRA_2355	0	6	0	0	3	4	2
MRA_2356	6	0	12	1	16	13	22
MRA_2357	11	0	19	0	9	0	39
MRA_2358	0	7	0	0	5	0	3
MRA_2359	18	7	24	2	8	13	46
MRA_0260	0	0	3	1	1	0	5
MRA_0261	0	8	0	4	5	3	2
MRA_0262	0	0	1	0	0	0	6
MRA_0263	0	0	0	0	1	0	1
MRA_0264	0	10	0	2	0	0	1
MRA_0265	49	0	77	5	51	11	94
MRA_0266	4	0	8	0	4	0	7
MRA_0267	1	0	0	0	0	0	3
MRA_0268	0	0	1	0	2	2	0
MRA_0269	0	14	6	0	2	2	2
MRA_1960	0	0	0	0	1	0	0
MRA_1961	0	0	0	0	0	3	0
MRA_1962	0	0	0	0	0	0	2
MRA_1963	0	10	2	0	2	0	1
MRA_1964	0	0	1	0	0	0	2
MRA_1965	0	0	1	0	2	0	0
MRA_1966	2	0	13	0	9	0	6
MRA_1967	83	6	109	5	94	31	160
MRA_1968	2	0	5	0	7	1	10
MRA_1969	0	0	2	0	0	0	3
MRA_2360	0	3	2	0	4	5	11
MRA_2361	0	0	1	0	0	5	4
MRA_2362	2	0	2	0	3	0	12
MRA_2363	10	7	5	0	5	5	14
MRA_2364	1	5	0	0	0	5	0
MRA_2365	32	0	48	0	30	14	76
MRA_2366	7	0	3	0	1	2	5
MRA_2367	2	5	0	0	0	0	1
MRA_2368	0	0	2	0	1	7	5
MRA_2369	9	8	5	3	5	3	12
MRA_0270	0	0	0	1	0	0	0
MRA_0271	0	0	0	0	0	0	2
MRA_0272	0	0	2	0	0	2	2
MRA_0273	0	0	0	0	0	4	1
MRA_0274	0	5	0	2	2	12	1
MRA_0275	139	0	201	1	149	23	240
MRA_0276	12	5	21	0	9	0	13
MRA_0277	1	0	10	2	4	0	14
MRA_0278	3	7	2	2	0	8	20
MRA_0279	36	7	59	4	46	5	148
MRA_1970	4	9	4	0	2	1	7
MRA_1971	3	0	6	0	9	0	7
MRA_1972	0	0	1	0	0	8	0
MRA_1973	0	0	2	0	0	1	0
MRA_1974	9	0	9	0	8	3	4
MRA_1975	0	0	1	0	0	4	4
MRA_1976	1	0	0	0	1	0	1
MRA_1977	0	4	0	1	0	8	1
MRA_1978	0	0	0	0	0	3	0
MRA_1979	0	10	1	0	2	1	0
MRA_2370	9	0	4	0	2	2	11
MRA_2371	18	17	29	3	19	5	58
MRA_2372	7	0	10	0	6	1	19
MRA_2373	1	0	0	0	0	9	3
MRA_2374	0	0	0	0	2	1	0
MRA_2375	0	0	0	0	0	1	0
MRA_2376	1	0	3	0	0	0	0
MRA_2377	0	4	3	0	4	3	3
MRA_2378	0	0	0	0	0	0	0
MRA_2379	2	0	14	0	3	7	14
MRA_0280	13	5	29	8	9	2	40
MRA_0281	2	9	11	0	3	0	6
MRA_0282	20	5	17	0	8	13	39
MRA_0283	2	0	7	0	0	1	3
MRA_0284	3	4	16	0	7	0	11
MRA_0285	3	0	11	0	2	5	16
MRA_0286	3	5	5	0	5	5	6
MRA_0287	0	16	1	3	0	1	2
MRA_0288	2	2	3	0	1	4	1
MRA_0289	3	2	8	0	1	5	10
MRA_1980	0	1	1	0	0	1	4
MRA_1981	0	0	0	0	0	0	0
MRA_1982	0	0	0	0	0	6	0
MRA_1983	0	0	1	0	0	3	0
MRA_1984	0	0	0	1	2	0	1
MRA_1985	0	0	3	0	5	2	2
MRA_1986	9	6	2	1	5	3	6
MRA_1987	0	0	2	0	0	3	2
MRA_1988	5	0	4	0	3	2	4
MRA_1989	15	5	37	1	18	3	66
MRA_2380	188	20	222	3	197	64	338
MRA_2381	5	0	4	1	6	5	10
MRA_2382	1	0	1	3	2	0	6
MRA_2383	0	0	4	0	3	1	6
MRA_2384	2	9	6	0	0	6	6
MRA_2385	1	0	3	0	3	5	5
MRA_2386	0	0	1	0	0	0	1
MRA_2387	9	0	29	0	12	1	28
MRA_2388	1	0	6	0	6	4	10
MRA_0700	4	4	7	0	3	0	13
MRA_2389	0	0	2	0	0	0	0
MRA_0701	0	0	1	0	0	0	0
MRA_0702	0	0	0	0	5	2	1
MRA_0703	0	0	0	0	2	1	0
MRA_0704	0	8	1	0	0	3	0
MRA_0705	0	2	2	0	0	5	9
MRA_0706	2	3	9	1	9	9	16
MRA_0707	0	0	0	0	0	0	0
MRA_0290	5	0	13	1	3	2	13
MRA_0708	0	0	0	0	0	0	0
MRA_0291	0	7	0	0	1	9	0
MRA_0709	0	1	0	0	0	0	0
MRA_0292	1	0	4	0	3	3	8
MRA_0293	25	6	41	9	9	33	39
MRA_0294	0	0	0	0	0	0	0
MRA_0295	14	25	12	1	11	4	10
MRA_0296	0	0	0	0	0	0	0
MRA_0297	0	0	1	0	0	0	0
MRA_0298	7	0	1	0	2	2	0
MRA_0299	0	0	0	0	0	1	0
MRA_1100	0	0	0	0	0	0	0
MRA_1101	1	0	0	0	0	0	0
MRA_1102	0	0	0	0	0	1	0
MRA_1103	12	5	29	0	12	3	17
MRA_1104	0	8	1	0	3	3	2
MRA_1105	0	0	0	0	0	2	0
MRA_1106	0	10	0	0	0	9	2
MRA_1107	26	10	32	0	23	2	83
MRA_1108	31	0	78	5	30	23	125
MRA_1109	6	12	6	0	4	7	16
MRA_1990	46	3	55	3	20	9	72
MRA_1991	12	0	8	0	9	0	11
MRA_1992	5	6	10	0	6	7	11
MRA_1993	1	6	0	0	1	0	5
MRA_1994	0	0	0	0	0	0	0
MRA_1995	76	10	175	2	89	39	181
MRA_1996	11	0	11	0	11	1	16
MRA_1997	2	0	4	1	0	1	7
MRA_1998	7	6	28	0	2	3	36
MRA_1999	0	0	0	0	0	8	0
MRA_2800	10	6	13	0	4	3	23
MRA_2801	3	0	2	0	1	6	3
MRA_2802	0	0	0	0	0	2	3
MRA_2803	0	0	2	0	0	3	2
MRA_2804	13	0	57	2	19	13	72
MRA_2805	10	0	11	2	10	4	37
MRA_2806	2	19	0	0	0	0	6
MRA_2390	0	8	1	0	0	0	1
MRA_2807	0	0	1	0	1	5	6
MRA_2391	0	0	1	0	0	0	0
MRA_2808	0	0	2	0	0	0	0
MRA_2392	5	16	5	0	2	0	26
MRA_2809	0	11	0	0	0	0	0
MRA_2393	3	5	6	0	2	6	5
MRA_2394	21	6	9	0	12	1	41
MRA_2395	1	0	1	0	1	0	4
MRA_2396	1	4	2	0	0	1	2
MRA_2397	2	3	4	0	2	0	7
MRA_2398	4	1	22	0	8	4	46
MRA_0710	0	3	1	0	0	4	0
MRA_2399	9	0	10	0	3	0	5
MRA_0711	0	0	4	0	2	1	1
MRA_0712	0	5	1	2	2	2	1
MRA_0713	2	0	5	0	2	0	3
MRA_0714	0	4	3	0	3	0	1
MRA_0715	0	0	0	0	0	0	0
MRA_0716	0	0	3	0	0	0	0
MRA_0717	0	0	0	0	0	0	0
MRA_0718	0	0	0	0	1	1	2
MRA_3200	0	11	0	0	0	0	1
MRA_0719	10	6	9	0	6	4	14
MRA_3201	3	0	5	0	7	2	18
MRA_3202	3	0	5	0	3	2	3
MRA_3203	11	4	16	1	5	3	14
MRA_3204	0	9	3	7	0	1	3
MRA_3205	0	9	0	0	0	1	2
MRA_3206	3	0	0	0	0	3	0
MRA_3207	0	0	0	0	2	1	1
MRA_3208	7	0	9	0	6	8	18
MRA_3209	2	0	0	0	0	3	0
MRA_1110	0	0	4	0	0	0	3
MRA_1111	7	3	6	0	3	1	12
MRA_1112	27	0	35	2	18	11	36
MRA_1113	2	0	0	2	1	0	1
MRA_1114	0	0	1	0	2	6	11
MRA_1115	1	0	2	0	1	3	4
MRA_1116	12	0	11	0	8	0	32
MRA_1117	8	8	16	0	8	2	25
MRA_1118	0	0	0	0	1	0	2
MRA_2038A	0	0	2	0	0	0	5
MRA_1119	0	5	1	0	0	0	2
MRA_2810	1	5	1	1	0	2	2
MRA_2811	6	0	18	1	4	4	23
MRA_2812	10	4	11	4	5	5	24
MRA_2813	0	2	5	3	2	8	14
MRA_2814	0	0	0	0	1	1	2
MRA_2815	0	0	1	2	3	3	2
MRA_2816	0	0	0	0	0	3	0
MRA_2817	0	7	0	0	0	3	5
MRA_2818	0	0	0	0	0	0	0
MRA_2819	6	4	3	0	0	4	2
MRA_0720	2	1	4	0	1	1	3
MRA_0721	7	0	4	0	5	0	12
MRA_0722	0	1	1	0	0	1	0
MRA_0723	0	0	0	0	0	0	0
MRA_0724	0	0	0	0	0	0	0
MRA_0725	0	0	0	0	0	0	0
MRA_0726	0	0	0	0	0	0	0
MRA_0727	0	0	0	2	1	0	4
MRA_0728	0	0	0	1	0	0	0
MRA_3210	4	3	8	3	5	2	10
MRA_0729	0	0	0	0	2	0	2
MRA_3211	1	8	2	1	1	1	5
MRA_3212	4	5	3	0	0	0	7
MRA_3213	20	13	31	6	32	22	51
MRA_3214	0	0	4	0	2	3	2
MRA_3215	0	0	3	0	1	2	0
MRA_3216	0	4	0	0	0	0	0
MRA_3217	0	0	0	0	0	9	1
MRA_3218	0	0	0	0	0	0	0
MRA_3219	0	5	0	0	1	0	0
MRA_1120	0	0	0	0	0	2	0
MRA_1121	13	0	18	0	17	2	53
MRA_1122	12	16	28	0	10	7	28
MRA_1123	1	0	1	0	0	0	1
MRA_1124	3	0	6	0	0	0	0
MRA_1125	5	5	4	0	10	1	11
MRA_1126	1	5	7	0	1	0	4
MRA_1127	6	0	7	0	8	5	17
MRA_1128	43	0	28	0	24	10	89
MRA_1129	3	0	3	0	1	1	11
MRA_2820	0	0	0	0	0	7	1
MRA_2821	0	6	2	0	0	1	0
MRA_2822	0	0	0	0	0	0	0
MRA_2823	0	0	7	3	5	3	6
MRA_2824	8	0	19	4	6	6	32
MRA_2825	0	0	2	1	2	0	5
MRA_2826	0	2	3	0	1	0	0
MRA_2827	2	0	4	0	5	3	8
MRA_2828	6	0	9	0	8	0	18
MRA_2829	0	0	1	0	0	0	0
MRA_0730	0	0	0	0	1	0	0
MRA_2458A	8	0	15	0	2	10	10
MRA_0731	0	0	0	0	1	0	0
MRA_0732	1	26	12	1	0	5	8
MRA_0733	101	0	148	0	60	24	189
MRA_0734	3	0	7	1	2	0	9
MRA_0735	3	0	25	3	3	0	25
MRA_0736	1	7	14	0	5	1	16
MRA_0737	1	1	2	0	0	1	6
MRA_0738	0	0	1	0	3	3	4
MRA_3220	0	3	0	0	0	0	4
MRA_0739	10	0	17	2	15	5	48
MRA_3221	4	0	15	0	15	0	27
MRA_3222	3	1	8	0	0	8	5
MRA_3223	68	0	68	5	69	15	84
MRA_3224	52	6	114	0	50	26	94
MRA_3225	0	0	7	1	2	1	1
MRA_3226	1	0	8	0	4	1	20
MRA_3227	8	0	3	3	5	5	12
MRA_3228	0	0	0	0	0	5	3
MRA_3229	0	0	2	4	1	3	1
MRA_1130	0	0	3	0	0	3	0
MRA_1131	4	0	1	0	2	0	0
MRA_1132	6	0	17	0	12	0	30
MRA_1133	0	0	0	0	0	3	0
MRA_1134	10	0	9	2	4	7	33
MRA_1135	1	3	0	1	1	0	12
MRA_1136	0	1	2	0	3	2	0
MRA_1137	3	4	0	1	0	4	0
MRA_1138	3	6	0	0	2	5	2
MRA_1139	0	5	0	0	0	2	1
MRA_2830	1	0	0	0	0	0	0
MRA_2831	3	0	5	0	0	2	4
MRA_2832	0	0	0	0	1	1	0
MRA_2833	0	0	0	0	0	1	0
MRA_2834	30	0	24	3	21	5	31
MRA_2835	0	0	0	0	0	1	0
MRA_2836	0	7	0	0	0	2	1
MRA_2837	0	0	1	4	0	0	1
MRA_2838	0	0	0	0	0	0	0
MRA_2839	0	0	0	0	0	0	0
MRA_0740	18	3	39	2	6	12	44
MRA_0741	0	0	1	0	0	2	1
MRA_0742	0	0	1	0	0	3	0
MRA_0743	0	0	0	0	1	0	0
MRA_0744	0	5	1	0	0	0	1
MRA_0745	0	0	0	0	0	0	0
MRA_0746	0	0	0	1	0	0	0
MRA_0747	0	6	0	0	0	0	0
MRA_0748	0	3	1	0	0	5	0
MRA_3230	22	6	17	0	12	0	26
MRA_0749	0	7	5	1	0	1	0
MRA_3231	0	2	1	0	0	2	1
MRA_3232	20	10	57	1	10	7	49
MRA_3233	7	10	30	0	11	2	35
MRA_3234	2	7	2	3	0	6	6
MRA_3235	8	0	14	0	16	3	48
MRA_3236	29	0	40	0	24	6	87
MRA_3237	0	0	3	0	2	1	6
MRA_3238	0	18	2	0	1	5	0
MRA_3239	0	7	1	0	0	3	1
MRA_1140	1	0	8	0	7	0	8
MRA_1141	142	0	180	6	103	22	189
MRA_1142	4	15	2	0	11	5	9
MRA_1143	0	0	0	0	0	0	0
MRA_1144	5	0	2	0	7	4	16
MRA_1145	0	0	1	0	1	3	4
MRA_1146	0	0	0	0	0	0	0
MRA_1147	0	0	4	0	2	0	11
MRA_1148	5	6	7	0	0	5	3
MRA_1149	2	0	4	0	2	0	2
MRA_2840	9	0	9	0	53	0	79
MRA_2841	20	0	58	7	144	1	375
MRA_2842	0	6	4	0	5	2	11
MRA_2843	1	0	2	0	1	3	5
MRA_2844	8	0	1	0	0	2	1
MRA_2845	1	0	1	1	2	3	2
MRA_2846	0	0	0	0	0	0	0
MRA_2847	1	12	6	2	0	4	10
MRA_2848	0	0	1	3	3	0	8
MRA_2849	0	0	0	0	0	7	1
MRA_0750	0	0	1	0	1	0	0
MRA_0751	0	1	4	0	1	6	1
MRA_0752	1	0	9	0	6	0	11
MRA_0753	0	0	0	0	0	0	0
MRA_0754	0	12	0	2	1	4	0
MRA_0755	0	6	0	1	0	3	0
MRA_0756	0	0	5	0	0	0	5
MRA_0757	10	0	18	0	11	6	20
MRA_0758	0	0	0	0	0	0	1
MRA_3240	1	0	3	0	0	0	0
MRA_0759	0	0	1	2	0	1	8
MRA_3241	2	0	4	1	0	0	9
MRA_3242	16	5	7	0	11	7	34
MRA_3243	9	0	19	0	9	1	21
MRA_3244	8	0	26	0	8	9	13
MRA_3245	31	3	71	0	29	25	51
MRA_3246	20	4	17	0	10	7	39
MRA_3247	2	0	3	0	6	0	16
MRA_3248	20	13	19	0	10	0	67
MRA_3249	23	7	52	0	18	9	100
MRA_1150	3	9	11	0	15	6	13
MRA_1151	3	9	19	6	12	2	23
MRA_1152	10	4	12	0	9	6	18
MRA_1153	2	0	35	7	6	0	40
MRA_1154	9	7	260	0	105	23	467
MRA_1155	1	0	2	2	0	1	5
MRA_1156	5	5	19	2	2	3	19
MRA_1157	10	0	18	0	11	6	27
MRA_1158	21	0	16	1	11	2	27
MRA_1159	0	0	0	0	0	0	0
MRA_2850	0	8	1	0	0	0	0
MRA_2851	0	6	1	0	0	0	0
MRA_2852	0	0	6	0	0	0	2
MRA_2853	1	0	3	0	0	15	0
MRA_2854	1	2	0	0	0	7	0
MRA_2855	10	2	15	0	3	1	13
MRA_2856	0	0	0	0	0	9	2
MRA_2857	0	0	1	0	0	7	1
MRA_2858	0	0	0	0	0	0	0
MRA_2859	0	0	0	0	0	2	0
MRA_0760	0	0	0	0	0	0	4
MRA_0761	0	9	0	0	0	3	0
MRA_0762	6	7	0	0	1	0	3
MRA_0763	6	7	9	1	1	0	7
MRA_0764	40	0	37	0	19	5	40
MRA_0765	0	0	1	0	0	0	0
MRA_0766	0	6	7	6	3	3	11
MRA_0767	11	3	20	0	4	5	12
MRA_0768	19	7	13	0	10	1	33
MRA_3250	0	0	0	0	2	2	3
MRA_0769	18	0	45	0	15	6	51
MRA_3251	1	9	3	2	2	2	4
MRA_3252	2	6	17	0	22	3	52
MRA_3253	0	0	5	1	0	0	15
MRA_3254	5	11	13	0	5	0	16
MRA_3255	2	0	14	0	10	0	32
MRA_3256	9	0	6	2	0	1	9
MRA_3257	5	0	6	0	13	3	27
MRA_3258	1	0	2	0	2	0	6
MRA_3259	23	5	104	5	34	9	165
MRA_1160	0	0	2	0	0	0	2
MRA_1161	0	0	1	0	0	0	0
MRA_1162	0	0	7	0	1	3	15
MRA_1163	17	0	51	0	14	8	59
MRA_1164	18	5	28	3	11	7	35
MRA_1165	0	0	1	0	0	0	0
MRA_1166	4	0	12	7	2	7	13
MRA_1167	110	6	155	7	52	17	193
MRA_1168	1	2	7	2	2	1	17
MRA_1169	76	7	97	1	29	12	104
MRA_2860	0	0	0	0	0	2	1
MRA_2861	0	0	0	0	1	0	0
MRA_2862	0	10	7	0	0	5	0
MRA_2863	0	0	0	1	1	0	0
MRA_2864	2	0	9	3	3	8	10
MRA_2865	0	0	0	0	0	0	0
MRA_2866	0	0	1	0	0	0	4
MRA_2867	2	0	3	0	2	0	6
MRA_2868	4	5	16	7	3	5	36
MRA_2869	0	4	3	1	3	1	0
MRA_0770	2	0	19	0	0	3	15
MRA_0771	5	0	6	0	8	4	11
MRA_0772	0	0	0	0	0	0	1
MRA_0773	6	11	10	2	0	2	10
MRA_0774	0	7	1	4	0	1	3
MRA_0775	4	0	1	0	0	3	3
MRA_0776	1	12	2	0	0	0	1
MRA_0777	0	10	0	1	0	2	0
MRA_0778	0	0	0	0	0	0	1
MRA_3260	1	0	0	0	0	0	4
MRA_0779	0	1	0	0	0	4	0
MRA_3261	34	0	35	4	12	4	97
MRA_3262	0	0	1	0	0	5	6
MRA_3263	0	0	0	0	0	1	1
MRA_3264	3	7	6	0	9	0	9
MRA_3265	8	0	10	0	3	2	33
MRA_3266	6	4	40	2	7	9	37
MRA_3267	0	0	1	0	0	3	1
MRA_3268	0	1	3	0	1	1	3
MRA_3269	0	0	9	1	7	14	16
MRA_1170	0	0	11	5	5	7	25
MRA_1171	0	0	1	0	1	0	0
MRA_1172	10	12	9	4	5	13	38
MRA_1173	5	4	48	2	17	7	39
MRA_1174	0	0	0	0	0	0	0
MRA_1175	2	0	0	0	0	1	1
MRA_1176	2	5	3	0	0	3	1
MRA_1177	8	17	21	0	11	8	40
MRA_1178	6	0	8	0	3	0	21
MRA_1179	0	2	0	1	4	8	4
MRA_2870	5	0	8	0	1	11	9
MRA_2871	9	11	6	4	2	5	9
MRA_2872	0	0	0	0	0	0	1
MRA_2873	0	0	4	0	1	6	7
MRA_2874	0	0	1	0	0	0	0
MRA_2875	0	0	3	0	0	4	3
MRA_2876	2	5	9	0	0	1	5
MRA_2877	0	6	5	0	3	0	8
MRA_2878	0	1	1	0	1	0	4
MRA_2879	1	0	7	0	12	3	7
MRA_0780	2	0	0	0	0	0	0
MRA_0781	1	0	8	0	3	6	21
MRA_0782	4	0	8	0	10	5	15
MRA_0783	6	0	12	0	1	8	15
MRA_0784	4	0	5	0	2	4	22
MRA_0785	7	0	5	0	5	3	21
MRA_0786	0	8	0	0	1	0	1
MRA_0787	8	0	17	0	2	8	17
MRA_3428A	0	3	9	0	9	7	17
MRA_0788	1	9	12	1	3	4	15
MRA_3270	3	8	7	0	0	4	7
MRA_0789	2	13	10	0	4	8	12
MRA_3271	5	0	1	0	0	8	1
MRA_3272	0	0	3	0	0	0	0
MRA_3273	1	0	3	0	3	2	1
MRA_3274	0	0	0	0	0	0	0
MRA_3275	13	0	2	1	3	0	4
MRA_3276	8	0	12	0	9	1	18
MRA_3277	1	0	4	0	7	1	0
MRA_3278	1	0	0	0	1	0	0
MRA_3279	0	0	7	1	2	0	7
MRA_1180	4	0	7	0	1	1	6
MRA_1181	0	9	9	0	3	0	20
MRA_1182	41	0	59	1	40	7	132
MRA_1183	1	7	18	0	3	7	25
MRA_1184	40	11	218	9	153	50	395
MRA_1185	0	0	0	0	0	2	4
MRA_1186	30	7	52	10	23	7	58
MRA_1187	3	0	5	0	0	1	0
MRA_1188	1	0	1	0	0	0	0
MRA_1189	0	10	0	0	0	3	0
MRA_2880	1	0	1	0	0	0	0
MRA_2881	8	1	2	2	5	0	12
MRA_2882	0	3	0	0	1	0	0
MRA_2883	5	19	9	0	9	0	11
MRA_2884	0	0	0	0	1	4	0
MRA_2885	0	4	0	0	2	2	0
MRA_2886	1	0	0	1	0	2	0
MRA_2887	0	0	0	0	0	3	0
MRA_2888	2	0	4	0	3	0	18
MRA_2889	10	1	1	0	0	12	7
MRA_0790	0	0	0	0	1	0	1
MRA_0791	0	0	3	0	1	1	2
MRA_0792	21	0	13	0	11	7	24
MRA_0793	0	0	0	0	0	0	0
MRA_0794	10	4	13	2	2	0	15
MRA_0795	3	0	6	0	7	1	14
MRA_0796	49	0	73	5	21	7	78
MRA_0797	0	6	0	0	0	0	0
MRA_0798	5	19	4	1	16	0	10
MRA_3280	4	9	7	5	2	4	7
MRA_0799	27	0	60	2	20	7	56
MRA_3281	0	0	4	0	1	2	2
MRA_3282	0	4	0	0	0	0	2
MRA_3283	11	9	11	0	6	2	14
MRA_3284	0	0	2	1	0	0	1
MRA_3285	1	5	1	0	4	0	5
MRA_3286	0	5	1	1	0	0	4
MRA_3287	0	0	0	0	0	10	0
MRA_3288	1	0	0	0	0	0	4
MRA_3289	0	0	2	0	3	5	2
MRA_1600	0	0	0	0	0	0	0
MRA_1601	68	8	57	0	21	11	84
MRA_1602	6	0	10	0	5	7	28
MRA_1603	3	0	11	1	0	2	8
MRA_1604	0	0	1	3	1	0	0
MRA_1605	0	0	4	1	2	3	7
MRA_1606	0	0	0	0	0	0	0
MRA_1607	10	2	18	0	11	1	24
MRA_1190	75	17	247	7	142	36	496
MRA_1608	5	0	3	0	0	0	6
MRA_1191	1	17	0	1	0	14	4
MRA_1609	0	0	2	1	0	0	2
MRA_1192	12	6	44	0	14	16	35
MRA_1193	0	1	5	0	2	11	9
MRA_1194	3	2	9	1	1	4	12
MRA_1195	32	7	38	0	17	14	46
MRA_1196	1	13	5	0	2	15	8
MRA_1197	0	0	0	2	0	6	0
MRA_1198	0	18	3	0	1	2	2
MRA_1199	0	0	0	0	0	2	0
MRA_2000	6	0	4	0	0	0	1
MRA_2001	4	0	6	0	0	5	6
MRA_2002	2	0	5	0	4	2	7
MRA_2003	17	4	15	1	6	5	31
MRA_2004	0	0	0	0	0	0	1
MRA_2005	3	0	3	0	0	0	2
MRA_2006	1	0	1	0	0	0	2
MRA_2007	0	0	1	0	0	0	0
MRA_2008	5	0	6	4	4	7	19
MRA_2009	0	0	0	0	0	0	0
MRA_2890	0	0	1	0	0	0	1
MRA_2891	0	0	10	0	3	2	24
MRA_2892	0	8	0	0	2	0	1
MRA_2893	0	4	4	0	0	4	5
MRA_2894	7	0	0	0	2	10	2
MRA_2895	5	0	4	0	0	3	0
MRA_2896	0	0	0	0	0	1	0
MRA_2897	0	5	0	0	0	0	0
MRA_2898	0	0	0	1	0	0	0
MRA_2899	11	8	18	4	3	13	28
MRA_3700	23	14	21	1	24	15	29
MRA_3701	0	0	5	0	0	0	7
MRA_3702	21	1	23	4	9	36	28
MRA_3703	5	0	9	3	3	1	16
MRA_3704	0	0	7	0	3	2	1
MRA_3705	0	9	5	2	5	5	11
MRA_3706	1	6	5	0	1	7	4
MRA_3707	0	1	0	1	0	1	1
MRA_3290	1	0	0	0	0	2	2
MRA_3708	0	0	0	3	1	0	0
MRA_3291	0	0	0	0	0	0	0
MRA_3709	0	0	7	0	5	0	4
MRA_3292	0	0	0	0	0	0	0
MRA_3293	13	0	8	1	4	12	4
MRA_3294	38	1	119	2	47	28	80
MRA_3295	16	0	20	0	21	4	38
MRA_3296	3	0	8	0	3	0	11
MRA_3297	0	0	0	0	0	0	0
MRA_3298	12	0	3	0	7	4	8
MRA_3299	0	0	0	0	1	5	2
MRA_1610	0	0	6	0	1	2	8
MRA_1611	2	0	5	0	1	2	5
MRA_1612	0	0	0	3	0	1	2
MRA_1613	0	0	0	0	1	0	2
MRA_1614	1	0	0	0	0	4	3
MRA_1615	0	1	0	0	0	3	0
MRA_1616	0	0	0	0	0	0	0
MRA_1617	32	0	46	2	10	9	88
MRA_1618	5	0	8	0	8	1	13
MRA_1619	0	0	0	1	1	1	5
MRA_2010	0	6	0	2	0	0	0
MRA_2011	2	4	1	0	1	0	2
MRA_2012	0	0	0	0	3	2	0
MRA_2013	12	0	4	0	2	10	10
MRA_2014	68	0	11	0	9	3	14
MRA_2015	8	0	4	0	4	1	4
MRA_2016	1	19	0	0	2	14	2
MRA_2017	5	0	5	1	1	1	2
MRA_2018	16	0	4	0	2	0	11
MRA_2019	1	0	12	0	7	4	20
MRA_1702A	0	0	0	0	0	0	0
MRA_3710	5	0	15	0	3	3	19
MRA_3711	3	0	16	1	4	0	13
MRA_2756A	0	0	1	0	3	0	0
MRA_3712	1	7	11	0	3	7	13
MRA_3713	0	0	1	0	1	0	1
MRA_3714	1	0	0	2	1	4	0
MRA_3715	17	0	29	1	14	6	19
MRA_3716	14	3	55	2	65	1	116
MRA_3717	6	6	4	0	11	2	18
MRA_3718	0	1	3	1	0	0	3
MRA_3719	32	2	48	3	22	13	44
MRA_1620	0	4	0	0	0	15	0
MRA_1621	0	0	0	0	0	0	0
MRA_1622	0	11	3	1	0	2	1
MRA_1623	6	13	7	2	1	0	1
MRA_1624	4	0	6	4	5	2	11
MRA_1625	0	0	1	0	1	1	0
MRA_1626	0	0	0	2	0	0	0
MRA_1627	0	9	0	0	0	0	0
MRA_1628	1	0	2	0	2	1	0
MRA_1629	6	2	16	0	11	0	36
MRA_2020	0	0	4	1	0	7	4
MRA_2021	0	8	0	0	0	2	4
MRA_2022	241	25	95	7	45	22	150
MRA_2023	2	0	2	0	1	2	6
MRA_2024	47	0	10	0	14	12	24
MRA_2025	0	0	1	0	3	0	0
MRA_2026	2	0	2	0	1	2	11
MRA_2027	5	0	23	0	4	17	21
MRA_2028	9	0	5	1	5	4	12
MRA_2029	2	0	12	2	5	1	7
MRA_3720	1	6	5	3	1	0	6
MRA_3721	0	0	0	0	0	0	0
MRA_3722	0	0	0	0	0	0	0
MRA_3723	1	1	1	1	0	3	1
MRA_3724	4	15	15	1	7	0	17
MRA_3725	1	0	0	0	0	1	0
MRA_1036A	0	0	1	0	0	0	2
MRA_3726	4	4	10	0	4	2	7
MRA_3727	0	3	0	0	0	2	1
MRA_3728	11	0	16	0	11	3	37
MRA_3729	4	0	4	0	7	3	9
MRA_1630	0	1	4	0	0	3	11
MRA_1631	0	2	0	0	0	0	1
MRA_1632	0	7	0	0	0	0	0
MRA_1633	53	4	30	0	26	10	53
MRA_1634	5	0	10	1	5	2	9
MRA_1635	2	0	4	0	0	3	10
MRA_1636	5	0	6	0	4	0	8
MRA_1637	0	3	3	1	4	6	5
MRA_1638	0	0	0	0	0	2	3
MRA_1639	22	0	47	0	8	16	51
MRA_0401A	0	0	0	0	0	0	0
MRA_2030	11	0	32	0	10	0	39
MRA_2031	0	0	0	0	0	0	0
MRA_2032	8	0	5	3	0	0	13
MRA_2033	3	0	5	0	1	1	3
MRA_2034	8	0	5	0	2	0	13
MRA_2035	14	2	22	0	25	10	58
MRA_2036	2	0	26	0	13	0	32
MRA_2037	0	7	3	4	0	0	4
MRA_2038	5	0	8	1	7	1	32
MRA_2039	0	3	2	0	0	6	1
MRA_3730	2	4	3	0	3	5	5
MRA_3731	7	4	7	0	5	8	12
MRA_3732	2	0	6	0	2	5	13
MRA_3733	0	0	1	0	0	0	1
MRA_3734	5	5	5	2	0	13	5
MRA_3735	2	0	3	0	0	0	9
MRA_3736	23	5	12	0	7	4	26
MRA_3737	0	5	2	0	0	1	1
MRA_3738	1	0	0	0	0	0	0
MRA_3739	0	0	1	0	0	4	0
MRA_1640	1	0	1	0	1	2	1
MRA_1641	7	6	10	0	1	0	13
MRA_1642	25	0	101	2	71	5	99
MRA_1643	1	9	3	5	5	1	7
MRA_1644	31	4	33	0	11	4	48
MRA_1645	12	7	53	4	20	9	74
MRA_1646	2	0	8	1	1	0	11
MRA_1647	24	0	73	2	22	0	94
MRA_1648	0	12	1	8	4	9	4
MRA_1649	0	0	0	0	0	3	0
MRA_0949A	59	0	34	0	25	5	41
MRA_2040	6	0	15	0	4	9	8
MRA_2041	0	0	0	0	0	4	0
MRA_2042	0	12	1	0	2	5	2
MRA_2043	0	0	4	0	0	0	0
MRA_2044	0	0	0	3	0	0	0
MRA_2045	0	5	0	8	1	2	5
MRA_2046	2	6	1	0	1	0	2
MRA_2047	4	2	17	0	6	4	30
MRA_2048	24	0	6	0	5	0	13
MRA_2049	0	0	0	0	0	3	0
MRA_3740	1	0	0	0	2	2	0
MRA_3741	0	0	0	0	0	2	0
MRA_3742	1	2	0	0	2	0	5
MRA_3743	2	0	0	0	3	2	4
MRA_3744	0	5	2	2	0	0	4
MRA_3745	0	4	0	0	0	0	3
MRA_3746	10	6	14	0	5	1	17
MRA_3747	2	1	18	5	8	13	34
MRA_3748	15	6	45	0	22	12	51
MRA_3749	0	0	0	2	0	6	0
MRA_1650	0	6	10	0	3	15	6
MRA_1651	197	17	225	8	157	73	261
MRA_1652	0	2	0	0	6	1	2
MRA_1653	0	0	1	0	1	0	0
MRA_1654	0	0	1	0	1	0	0
MRA_1655	0	0	0	0	0	2	0
MRA_1656	17	3	68	3	51	6	105
MRA_1657	0	0	5	0	3	3	1
MRA_1658	5	3	6	0	3	2	5
MRA_1659	2	0	5	0	1	1	5
MRA_2050	0	0	1	0	0	0	0
MRA_2051	5	0	11	0	0	5	9
MRA_2052	12	7	12	0	7	12	19
MRA_2053	0	6	2	0	2	1	2
MRA_2054	0	4	0	0	0	1	0
MRA_2055	17	21	11	2	1	6	0
MRA_2056	1	0	0	1	0	0	4
MRA_2057	0	3	3	0	1	1	4
MRA_2058	7	25	9	0	1	0	12
MRA_2059	0	0	0	0	0	0	1
MRA_3750	0	2	6	0	3	6	5
MRA_3751	1	2	3	0	1	0	11
MRA_3752	0	0	0	0	0	0	1
MRA_3753	0	0	0	5	0	2	0
MRA_3754	21	4	41	2	27	6	54
MRA_3755	2	0	19	4	4	7	21
MRA_3756	10	0	31	2	18	9	36
MRA_3757	5	4	10	1	4	0	33
MRA_3758	5	8	7	0	6	6	24
MRA_3759	5	9	5	1	3	1	8
MRA_1660	12	7	29	0	17	0	39
MRA_1661	5	9	11	0	0	6	11
MRA_1662	9	20	35	2	26	11	75
MRA_1663	0	0	0	0	0	2	2
MRA_1664	0	8	1	0	0	0	1
MRA_1665	0	7	0	0	0	0	0
MRA_1666	1	6	1	0	0	1	0
MRA_1667	3	0	8	0	1	0	18
MRA_1668	0	9	0	0	0	0	0
MRA_1669	0	0	0	0	0	2	4
MRA_2060	0	11	0	1	1	3	1
MRA_2061	8	6	3	0	4	4	17
MRA_2062	6	5	10	2	11	12	32
MRA_2063	2	6	18	1	6	6	16
MRA_2064	0	0	0	0	0	2	0
MRA_2065	4	2	17	0	9	0	42
MRA_2066	217	14	139	4	60	67	172
MRA_2067	3	5	4	1	0	0	0
MRA_2068	0	0	0	0	0	0	1
MRA_2069	0	0	8	0	1	0	14
MRA_3760	0	8	5	0	6	0	6
MRA_3761	0	2	0	0	0	0	0
MRA_3762	0	0	0	0	2	0	7
MRA_3763	31	4	37	0	23	6	77
MRA_3764	8	0	6	0	3	12	7
MRA_3765	30	14	37	2	42	7	103
MRA_3766	2	6	8	6	11	4	18
MRA_3767	28	24	23	2	15	3	25
MRA_3768	5	0	9	0	11	1	25
MRA_3769	1	5	1	0	2	8	0
MRA_1670	4	0	8	2	2	2	10
MRA_1671	6	0	4	2	3	1	9
MRA_1672	1	19	2	0	0	8	1
MRA_1673	0	0	2	4	0	10	0
MRA_1674	1	12	4	1	2	4	3
MRA_1675	5	15	2	0	1	15	10
MRA_1676	2	2	4	0	1	0	6
MRA_1677	2	0	4	2	15	2	24
MRA_1678	1	0	0	2	0	0	0
MRA_1679	1	6	0	0	1	2	0
MRA_2070	0	0	4	0	3	2	11
MRA_2071	0	0	1	0	0	0	1
MRA_2072	0	0	1	0	0	0	1
MRA_2073	0	0	4	0	2	1	1
MRA_2074	78	0	102	1	57	4	116
MRA_2075	0	0	7	0	3	15	11
MRA_2076	1	0	3	0	0	0	0
MRA_2077	0	0	1	0	0	1	1
MRA_2078	0	9	1	0	0	2	2
MRA_2079	0	0	0	0	0	2	0
MRA_3770	3	0	12	0	8	0	22
MRA_3771	2	0	3	0	1	3	2
MRA_3772	1	0	7	4	4	7	8
MRA_3773	0	5	1	2	0	0	0
MRA_3774	8	0	22	0	4	8	20
MRA_3775	2	4	9	0	2	0	3
MRA_3776	90	0	71	2	75	9	127
MRA_3777	0	0	2	0	0	0	2
MRA_3778	4	3	29	3	21	1	62
MRA_3779	1	0	4	3	2	0	5
MRA_1680	0	0	0	0	0	0	0
MRA_1681	4	0	2	0	5	3	5
MRA_1682	9	0	7	0	3	2	11
MRA_1683	0	6	1	3	0	2	1
MRA_1684	0	0	0	1	0	0	2
MRA_1685	0	0	3	0	0	3	2
MRA_1686	0	9	1	4	2	1	2
MRA_1687	0	0	0	0	1	1	2
MRA_1688	0	0	0	0	0	0	0
MRA_1689	0	0	1	0	0	1	1
MRA_2080	7	0	23	3	12	8	27
MRA_2081	11	8	20	2	15	1	25
MRA_2082	0	0	1	0	0	6	1
MRA_2083	1	0	3	1	2	0	3
MRA_2084	0	0	10	0	10	1	24
MRA_2085	0	0	1	0	0	3	4
MRA_2086	0	2	3	2	1	0	1
MRA_2087	0	6	1	5	0	0	1
MRA_2088	0	12	1	0	1	0	1
MRA_0400	14	0	20	0	12	6	45
MRA_2089	13	4	25	2	16	5	81
MRA_0401	2	0	1	1	1	3	5
MRA_0402	0	0	3	1	6	1	1
MRA_0403	1	0	1	0	0	0	3
MRA_0404	5	0	7	0	6	2	22
MRA_0405	1	8	4	0	3	2	4
MRA_0406	2	0	2	0	0	1	0
MRA_0407	1	0	5	0	2	5	3
MRA_0408	74	16	43	4	38	10	98
MRA_0409	2	0	4	2	5	0	8
MRA_3780	2	5	2	0	2	0	7
MRA_3781	3	3	20	4	6	12	11
MRA_3782	0	0	0	0	0	0	9
MRA_3783	2	0	4	0	1	0	4
MRA_3784	0	0	0	0	1	0	4
MRA_3785	1	0	18	5	2	0	4
MRA_3786	9	0	36	0	6	3	38
MRA_3787	16	0	22	0	10	0	18
MRA_3788	3	4	5	0	0	2	0
MRA_3789	1	0	5	0	2	0	16
MRA_1690	1	2	0	0	0	0	0
MRA_1691	2	9	0	0	2	0	0
MRA_1692	9	5	7	4	5	0	6
MRA_1693	10	0	9	2	1	0	9
MRA_1694	0	7	8	0	1	11	3
MRA_1695	3	11	17	0	14	2	36
MRA_1696	0	0	7	0	2	1	1
MRA_1697	0	0	0	2	2	0	0
MRA_1123A	0	0	0	0	0	0	0
MRA_1698	0	0	1	0	0	1	1
MRA_1699	1	0	0	0	0	4	1
MRA_2500	10	0	10	0	13	0	24
MRA_2501	1	0	6	0	3	2	2
MRA_2502	1	0	2	2	2	0	3
MRA_2503	1	0	1	0	0	0	0
MRA_2504	0	0	0	0	0	0	0
MRA_2505	0	0	0	2	0	0	0
MRA_2506	5	9	2	0	0	0	4
MRA_2507	0	0	3	0	3	0	0
MRA_2090	0	3	0	0	0	0	0
MRA_2508	10	0	3	1	0	2	6
MRA_2091	1	0	2	0	0	0	0
MRA_2509	0	5	0	2	0	4	0
MRA_2092	0	0	0	1	2	0	0
MRA_2093	12	0	38	0	13	5	25
MRA_2094	63	0	92	0	65	8	90
MRA_2095	1	0	1	0	0	0	3
MRA_2096	43	0	51	0	40	7	101
MRA_2098	14	11	22	1	12	5	18
MRA_0410	56	9	63	3	32	21	89
MRA_2099	0	0	0	0	0	8	0
MRA_0411	2	16	11	7	5	20	17
MRA_0412	12	7	14	0	10	6	36
MRA_0413	0	0	0	0	0	0	1
MRA_0414	0	4	2	0	0	12	4
MRA_0415	0	4	8	1	4	4	25
MRA_0416	16	6	17	1	24	7	25
MRA_0417	1	0	2	0	1	1	2
MRA_0418	9	4	14	0	7	0	20
MRA_0419	2	3	2	0	0	5	1
MRA_3790	0	0	0	0	0	0	0
MRA_3791	0	0	0	0	0	0	0
MRA_3792	15	0	29	0	10	0	29
MRA_3793	13	6	13	0	7	1	18
MRA_3794	0	2	2	0	1	1	2
MRA_3795	0	2	2	0	1	0	0
MRA_3796	3	2	0	0	0	5	2
MRA_3797	2	7	5	0	1	1	6
MRA_3798	6	0	17	5	25	0	38
MRA_3799	2	1	0	0	1	5	4
MRA_2510	2	11	0	0	0	3	6
MRA_2511	0	3	0	0	0	0	2
MRA_2512	0	7	4	0	0	2	3
MRA_2513	0	7	0	0	0	6	0
MRA_2514	0	0	0	0	0	0	2
MRA_2515	3	23	11	3	4	17	12
MRA_2516	0	0	0	0	0	0	0
MRA_2517	0	3	6	3	4	1	2
MRA_2518	4	0	2	0	4	5	3
MRA_2519	0	0	0	2	2	0	2
MRA_0420	0	0	6	0	3	2	23
MRA_0421	0	13	0	1	0	1	0
MRA_0422	0	0	0	0	0	0	0
MRA_0423	0	2	1	0	0	1	1
MRA_0424	1	2	8	0	0	1	8
MRA_0425	9	0	15	0	8	2	26
MRA_0426	20	0	25	0	24	3	78
MRA_0427	0	0	0	0	0	7	6
MRA_0428	0	2	1	0	0	1	0
MRA_0429	0	11	0	0	0	3	0
MRA_2520	14	0	27	0	40	5	47
MRA_2521	3	2	14	3	7	9	26
MRA_2522	0	0	1	0	0	2	9
MRA_2523	0	0	0	0	0	2	0
MRA_2524	0	5	0	0	0	0	1
MRA_2525	0	0	1	0	0	0	4
MRA_2526	0	0	1	0	0	1	0
MRA_2527	0	8	1	1	0	8	1
MRA_2528	2	0	5	3	2	2	4
MRA_2529	1	0	1	0	0	0	0
MRA_0430	2	11	6	4	5	5	21
MRA_0431	0	0	1	2	0	2	3
MRA_0432	2	16	4	0	2	3	3
MRA_0433	0	4	0	0	0	3	1
MRA_0434	0	0	3	0	1	0	0
MRA_0435	1	0	0	2	0	1	1
MRA_0436	1	0	1	0	0	1	0
MRA_0437	0	0	0	0	1	3	3
MRA_0438	0	3	1	0	1	0	2
MRA_0439	0	0	6	0	1	0	19
MRA_0700A	0	6	0	0	1	0	0
MRA_2530	2	0	11	0	6	0	14
MRA_2531	2	0	5	1	0	6	3
MRA_2532	0	0	0	0	0	0	0
MRA_2533	1	4	3	0	0	3	6
MRA_2534	32	0	46	4	44	1	90
MRA_2535	3	15	9	1	13	1	16
MRA_2536	4	22	19	0	5	6	19
MRA_2537	1	0	6	0	2	3	3
MRA_2538	0	0	4	0	5	0	8
MRA_2539	0	0	0	0	0	0	0
MRA_0440	2	0	10	0	7	8	30
MRA_0441	1	0	2	0	3	0	5
MRA_0442	0	0	0	1	0	6	0
MRA_0443	3	0	10	1	1	5	29
MRA_0444	0	15	0	0	1	5	1
MRA_0445	4	3	10	4	4	3	19
MRA_0446	39	0	34	2	23	1	40
MRA_0870A	1	0	0	0	1	0	1
MRA_0447	14	3	15	0	9	17	34
MRA_0448	3	0	11	2	1	1	28
MRA_0449	10	7	17	2	4	0	13
MRA_2301A	0	0	0	0	0	0	0
MRA_2540	3	6	0	0	3	3	7
MRA_2541	3	4	22	2	9	3	21
MRA_2542	0	10	1	0	0	2	3
MRA_2543	0	4	1	0	1	0	0
MRA_2544	0	0	0	0	0	1	0
MRA_2545	7	2	0	0	1	6	8
MRA_2546	41	0	81	2	42	5	112
MRA_2547	28	15	64	0	45	7	77
MRA_2548	2	0	5	0	3	3	23
MRA_2549	28	11	34	6	18	4	31
MRA_0450	0	0	3	0	0	0	0
MRA_0451	3	0	7	0	8	2	13
MRA_0452	0	0	4	0	0	0	2
MRA_0453	6	0	7	0	4	4	14
MRA_0454	4	10	6	4	0	3	3
MRA_0455	25	0	35	1	24	21	56
MRA_0456	1	0	11	0	8	0	12
MRA_0457	0	0	1	0	0	9	0
MRA_0458	8	10	21	0	6	5	23
MRA_0459	1	0	4	0	4	3	8
MRA_1128A	0	0	0	0	0	0	1
MRA_2550	0	4	0	0	0	0	0
MRA_2551	2	38	2	0	1	21	1
MRA_2552	1	0	4	0	1	0	6
MRA_2553	0	0	0	0	0	4	0
MRA_2554	1	0	1	0	0	0	4
MRA_2555	6	3	12	0	8	1	45
MRA_2556	11	0	30	0	9	5	30
MRA_2557	1	0	3	1	2	0	10
MRA_3605A	0	0	0	1	0	0	0
MRA_2558	0	0	3	1	1	0	0
MRA_2559	3	3	12	3	5	0	7
MRA_0460	2	0	10	0	3	4	9
MRA_0461	7	3	10	0	5	4	17
MRA_0462	5	0	0	0	0	0	2
MRA_1298A	6	0	11	2	3	0	11
MRA_0463	3	14	7	0	4	3	8
MRA_0464	4	0	9	0	3	3	12
MRA_0465	0	0	7	0	2	0	28
MRA_0466	11	0	18	0	15	1	18
MRA_0467	3	0	4	0	2	2	7
MRA_0468	6	0	10	0	9	1	13
MRA_0469	32	0	92	0	94	34	126
MRA_2560	1	0	0	0	0	0	0
MRA_2561	0	1	0	0	0	3	0
MRA_2562	0	0	2	0	0	2	2
MRA_2563	0	0	0	0	0	8	5
MRA_2564	31	4	51	2	53	9	75
MRA_2565	22	0	37	2	17	1	74
MRA_2566	0	0	0	2	0	3	4
MRA_2567	0	0	0	4	0	0	0
MRA_2568	0	10	0	0	1	3	1
MRA_2569	0	0	4	3	0	0	0
MRA_0470	11	0	38	2	26	1	34
MRA_0471	2	8	19	2	3	0	17
MRA_0472	0	0	1	0	0	3	0
MRA_0473	3	3	10	2	5	3	5
MRA_0474	6	0	21	0	16	0	21
MRA_0475	12	9	30	0	14	3	22
MRA_0476	16	6	130	3	25	12	72
MRA_0477	0	0	3	0	0	0	0
MRA_0478	0	5	3	0	0	0	3
MRA_0479	0	0	0	0	2	10	0
MRA_2570	4	0	109	0	17	12	119
MRA_2571	48	0	61	0	30	8	113
MRA_2572	1	0	1	0	2	2	5
MRA_2573	0	0	0	0	0	0	0
MRA_2574	0	0	0	0	0	0	1
MRA_2575	0	0	0	0	0	0	1
MRA_2576	94	0	83	7	43	25	96
MRA_2577	0	0	3	0	0	2	5
MRA_2578	0	0	2	2	1	0	0
MRA_2579	0	0	1	0	0	0	4
MRA_0480	0	0	0	2	0	1	0
MRA_0481	0	0	0	0	0	0	0
MRA_0482	1	0	0	0	5	0	1
MRA_0483	0	0	0	0	0	0	0
MRA_0484	0	0	0	0	3	0	0
MRA_0485	23	4	11	4	8	7	23
MRA_0486	23	13	28	4	18	0	45
MRA_0487	3	0	0	0	0	3	8
MRA_0488	0	0	1	0	2	0	3
MRA_0489	1	2	5	0	1	1	14
MRA_2305A	0	3	0	0	0	0	0
MRA_2580	0	0	1	0	0	0	12
MRA_2581	0	0	1	0	1	0	3
MRA_2582	1	5	9	0	4	4	5
MRA_2583	0	0	0	0	0	1	0
MRA_2584	2	0	3	5	1	7	4
MRA_2585	0	3	0	0	0	0	5
MRA_2586	0	0	5	1	0	2	4
MRA_2587	0	0	2	0	1	0	1
MRA_2588	5	0	6	0	4	10	11
MRA_2589	2	0	20	0	8	6	41
MRA_0900	3	11	22	0	9	7	18
MRA_0901	9	0	4	0	4	4	7
MRA_0902	19	10	14	0	14	3	23
MRA_0903	3	4	3	1	0	5	5
MRA_0904	4	0	10	0	2	6	13
MRA_0905	6	0	21	0	9	3	26
MRA_0906	4	0	1	0	3	6	6
MRA_0490	3	8	9	0	3	8	34
MRA_0907	0	0	0	0	0	0	0
MRA_0491	40	0	119	3	30	15	204
MRA_0908	0	10	1	0	1	4	8
MRA_0492	0	8	3	0	0	0	2
MRA_0909	10	11	12	0	10	4	35
MRA_0493	0	6	0	0	0	0	0
MRA_0494	0	0	0	0	0	0	0
MRA_0495	1	9	0	0	1	0	4
MRA_0496	0	3	0	0	0	1	0
MRA_0497	0	0	0	0	0	0	4
MRA_0498	0	2	0	0	1	3	1
MRA_0499	11	0	15	5	17	3	30
MRA_1300	0	2	1	0	0	6	0
MRA_1301	3	0	4	0	2	1	8
MRA_1302	2	17	1	1	1	4	5
MRA_1303	0	8	2	0	0	9	0
MRA_1304	0	7	0	0	0	5	0
MRA_1305	4	11	17	0	16	4	2
MRA_1306	0	0	1	0	0	1	1
MRA_1307	0	0	0	0	0	1	1
MRA_1308	0	0	1	1	0	1	0
MRA_1309	0	0	0	0	0	0	0
MRA_2590	3	2	9	0	5	1	7
MRA_2591	7	0	7	0	2	0	6
MRA_2592	3	0	2	0	0	0	1
MRA_2593	0	3	1	0	1	0	2
MRA_2594	2	3	12	4	1	9	16
MRA_2595	6	26	7	0	2	11	15
MRA_2596	1	9	4	1	3	2	9
MRA_2597	9	0	36	0	17	4	65
MRA_2598	3	2	3	0	1	2	1
MRA_0910	0	0	2	4	1	0	2
MRA_2599	0	0	4	0	3	0	9
MRA_0911	11	0	7	1	0	0	24
MRA_0912	0	0	2	4	0	1	2
MRA_0913	0	5	2	0	0	1	0
MRA_0914	0	12	0	0	0	5	2
MRA_0915	4	6	5	0	1	16	6
MRA_0916	0	0	0	0	0	0	0
MRA_0917	4	7	0	0	0	0	0
MRA_0918	0	1	5	0	4	1	2
MRA_3400	1	0	6	0	14	3	19
MRA_0919	0	0	4	0	4	0	16
MRA_3401	4	0	3	0	1	0	15
MRA_3402	0	0	1	0	2	0	1
MRA_3403	0	0	0	0	0	0	0
MRA_3404	0	0	0	0	0	0	0
MRA_3405	3	13	9	3	3	3	16
MRA_3406	0	0	0	0	0	2	2
MRA_3407	0	7	2	2	0	3	6
MRA_3408	1	9	5	0	0	0	8
MRA_3409	0	0	3	0	1	0	2
MRA_1310	0	9	2	0	0	1	5
MRA_1311	6	2	2	0	4	3	7
MRA_1312	0	5	0	0	0	7	5
MRA_1383A	64	0	66	5	53	10	101
MRA_1313	0	0	0	0	0	0	0
MRA_1314	0	0	0	0	0	0	0
MRA_1315	0	0	0	0	0	0	0
MRA_0667A	0	0	0	0	0	0	2
MRA_1316	0	7	0	2	2	1	0
MRA_1317	4	0	1	0	0	0	7
MRA_1318	0	8	2	0	6	2	2
MRA_1319	1	0	0	0	0	0	0
MRA_2895A	0	0	1	0	0	0	0
MRA_0920	0	0	1	1	3	2	11
MRA_0921	0	12	0	0	0	6	0
MRA_0922	0	0	1	1	2	0	0
MRA_0923	2	0	0	0	0	2	0
MRA_0924	1	5	15	2	5	5	11
MRA_0925	0	0	1	0	0	0	1
MRA_0926	1	5	1	0	1	0	12
MRA_0927	29	0	37	0	26	12	88
MRA_0928	0	0	6	1	1	4	4
MRA_3410	8	0	18	1	7	10	21
MRA_0929	10	0	12	0	0	7	2
MRA_3411	5	5	11	0	4	2	22
MRA_3412	2	0	14	0	2	2	15
MRA_3413	2	0	0	2	0	5	0
MRA_3414	0	0	0	0	0	0	0
MRA_3415	0	0	1	1	1	3	2
MRA_3416	9	0	3	2	12	2	21
MRA_3417	45	2	71	1	83	22	187
MRA_3418	6	0	1	0	3	0	5
MRA_3419	1	1	4	0	1	2	1
MRA_1842A	0	0	0	0	3	0	0
MRA_1320	0	0	2	0	0	0	0
MRA_1321	13	0	17	0	14	1	14
MRA_1322	1	0	11	0	4	1	6
MRA_1323	0	0	0	1	0	0	2
MRA_1324	69	6	255	5	71	16	128
MRA_1325	106	0	270	9	90	24	144
MRA_1326	94	19	299	10	101	55	118
MRA_1327	20	1	100	5	34	13	45
MRA_1328	40	1	94	0	41	16	60
MRA_1329	18	0	88	2	41	3	91
MRA_2140A	6	4	4	1	1	6	14
MRA_0930	1	5	3	0	2	2	4
MRA_0931	61	3	59	3	65	10	162
MRA_0932	6	0	14	4	8	2	17
MRA_0933	0	0	0	0	0	3	2
MRA_0934	0	0	0	0	0	0	0
MRA_0935	0	0	1	2	1	0	2
MRA_0936	0	0	2	0	0	0	0
MRA_0937	5	0	10	3	9	2	16
MRA_0938	89	11	172	0	127	15	305
MRA_3420	0	0	0	0	0	0	0
MRA_0939	12	13	12	0	3	8	21
MRA_3421	0	0	0	0	0	0	0
MRA_3422	2	0	3	0	0	3	8
MRA_3423	13	4	2	10	5	0	2
MRA_3424	0	0	2	0	5	0	5
MRA_3425	0	5	0	0	1	0	0
MRA_3426	0	0	1	0	0	1	0
MRA_3427	0	5	1	0	2	2	1
MRA_3428	0	8	3	1	0	2	2
MRA_3429	24	12	51	0	23	10	43
MRA_1330	44	0	58	1	43	5	63
MRA_1331	7	9	11	0	8	0	10
MRA_1332	0	2	0	0	0	14	0
MRA_1333	0	0	2	0	4	6	1
MRA_1334	10	11	10	4	2	12	15
MRA_1335	1	12	9	2	1	1	2
MRA_1336	8	6	5	0	3	1	4
MRA_1337	7	9	6	3	2	8	8
MRA_1338	0	0	1	1	0	0	0
MRA_1339	0	0	0	0	1	1	1
MRA_0940	66	1	83	8	32	18	135
MRA_0941	0	3	0	0	0	6	0
MRA_0942	1	0	0	0	1	6	3
MRA_0943	12	0	8	0	9	8	23
MRA_0944	28	0	24	0	30	2	37
MRA_0945	7	8	6	4	3	0	12
MRA_0946	0	4	0	0	2	7	0
MRA_0947	0	8	2	0	1	11	5
MRA_0948	0	11	2	0	10	6	24
MRA_3430	8	7	24	0	13	0	12
MRA_0949	1	17	3	0	5	3	0
MRA_3431	1	3	11	0	2	2	6
MRA_3432	0	0	9	3	0	2	1
MRA_3433	0	7	5	1	5	3	9
MRA_3434	0	0	0	0	0	1	1
MRA_3435	9	4	39	0	26	5	57
MRA_3436	0	2	1	1	2	4	6
MRA_3437	0	5	0	0	0	2	0
MRA_3438	0	0	0	0	0	0	0
MRA_3439	0	1	0	1	0	1	0
MRA_1340	0	6	2	0	0	0	1
MRA_1341	0	0	3	0	3	0	1
MRA_1342	10	0	20	0	4	1	13
MRA_1343	8	0	4	0	1	0	6
MRA_1344	0	0	0	1	0	0	2
MRA_1345	2	0	0	1	5	3	2
MRA_1346	2	0	4	0	1	1	0
MRA_1347	2	0	5	5	2	3	5
MRA_1348	0	0	2	0	0	0	3
MRA_1349	2	0	14	0	6	6	34
MRA_2351A	0	0	0	0	0	0	0
MRA_0950	5	3	4	1	0	4	8
MRA_0951	0	0	1	1	1	3	1
MRA_0952	1	7	4	0	1	0	7
MRA_0953	3	29	8	0	3	7	7
MRA_0954	0	4	0	0	0	0	0
MRA_0955	0	0	0	0	0	0	0
MRA_0956	1	0	6	3	19	1	45
MRA_0957	7	8	12	0	11	4	16
MRA_0958	0	0	1	0	0	0	0
MRA_3440	0	8	0	0	0	0	0
MRA_0959	0	6	1	2	0	2	1
MRA_3441	0	10	10	0	10	3	8
MRA_3442	11	2	14	0	1	3	6
MRA_3443	7	0	9	1	6	0	12
MRA_3444	14	7	12	1	16	2	20
MRA_3445	0	5	1	3	1	0	1
MRA_3446	0	7	3	0	0	0	2
MRA_3447	1	0	1	4	0	0	0
MRA_3448	7	0	7	2	10	0	18
MRA_3449	197	17	298	6	216	25	567
MRA_1350	5	8	9	0	1	2	18
MRA_1351	1	0	1	0	0	0	8
MRA_1352	2	0	2	0	0	0	1
MRA_1353	1	0	4	0	6	6	8
MRA_1354	2	0	16	0	8	2	37
MRA_1355	14	6	62	0	23	1	75
MRA_1356	2	0	7	0	6	9	18
MRA_1357	9	4	3	0	2	5	18
MRA_1358	2	5	2	0	0	0	2
MRA_1359	0	0	0	0	0	0	0
MRA_0960	0	0	0	0	0	5	2
MRA_0961	1	0	3	0	0	0	2
MRA_0962	13	5	24	0	7	4	13
MRA_0963	4	0	10	0	4	0	11
MRA_0964	2	7	3	0	4	9	13
MRA_0965	0	5	0	0	0	5	0
MRA_0966	1	0	9	0	9	9	10
MRA_0967	0	0	0	0	0	0	0
MRA_0968	0	0	4	0	3	0	9
MRA_3450	0	0	4	0	3	2	11
MRA_0969	6	0	6	0	1	0	9
MRA_3451	0	4	2	1	0	4	6
MRA_3452	13	11	25	0	23	0	48
MRA_3453	20	0	42	0	22	18	110
MRA_3454	2	0	7	0	0	4	1
MRA_3455	0	1	0	0	0	4	0
MRA_3456	4	0	1	0	1	0	1
MRA_3457	0	13	5	0	1	7	3
MRA_3458	0	0	1	0	0	0	0
MRA_3459	0	0	0	0	0	5	0
MRA_1360	1	0	0	1	0	2	5
MRA_1361	8	0	10	0	6	3	26
MRA_1362	17	0	34	5	15	2	59
MRA_1363	2	1	11	0	6	6	13
MRA_1364	26	4	29	4	18	14	46
MRA_1365	54	0	46	3	25	10	62
MRA_1366	17	13	14	4	6	12	16
MRA_1367	9	9	26	2	11	2	39
MRA_1368	0	13	1	1	1	0	2
MRA_1369	14	0	77	4	78	11	160
MRA_0970	21	0	42	3	24	4	68
MRA_0971	0	0	5	4	4	1	4
MRA_0972	0	0	0	0	0	0	0
MRA_0973	0	0	0	0	0	1	0
MRA_0974	0	0	0	1	0	0	0
MRA_0975	0	0	0	0	0	0	0
MRA_0976	1	4	1	0	2	8	3
MRA_0977	1	0	3	0	2	4	3
MRA_0978	13	0	7	0	9	4	26
MRA_3460	0	0	0	0	0	0	1
MRA_0979	1	9	0	0	1	2	3
MRA_3461	0	0	0	0	0	0	0
MRA_3462	0	0	0	0	0	2	0
MRA_3463	0	0	0	0	2	0	0
MRA_1598A	3	0	5	3	6	3	5
MRA_3464	27	5	27	0	13	3	29
MRA_3465	5	0	17	0	8	11	14
MRA_3466	0	21	3	1	1	0	3
MRA_3467	9	4	25	0	5	0	43
MRA_3468	0	0	5	1	4	4	3
MRA_3469	42	7	54	0	23	18	41
MRA_1370	5	8	13	0	9	3	21
MRA_1371	0	0	3	0	0	5	1
MRA_1372	0	5	0	4	0	4	0
MRA_1373	13	4	22	0	8	13	41
MRA_1374	0	0	0	2	0	2	0
MRA_1375	1	8	2	2	2	2	6
MRA_1376	0	0	2	0	4	4	4
MRA_1377	20	3	19	0	8	1	29
MRA_1378	1	0	5	0	3	0	8
MRA_1379	5	0	7	0	2	0	5
MRA_0980	1	0	0	0	0	3	1
MRA_0981	0	8	2	3	1	9	0
MRA_0982	0	0	0	0	0	7	2
MRA_0983	1	0	1	0	0	4	0
MRA_0984	14	8	12	4	7	10	22
MRA_0985	11	0	11	2	4	6	6
MRA_0986	0	0	0	0	0	2	0
MRA_0987	155	0	287	4	138	69	473
MRA_0988	0	0	2	0	0	0	10
MRA_3470	168	6	232	2	111	60	203
MRA_0989	0	4	7	0	7	7	7
MRA_3471	0	0	0	0	1	0	1
MRA_3472	0	5	4	2	1	2	10
MRA_3473	3	0	7	0	2	3	7
MRA_3474	0	1	0	0	0	7	3
MRA_3475	4	0	5	4	5	3	5
MRA_3476	0	4	1	1	0	0	2
MRA_3477	0	2	1	1	0	7	5
MRA_3478	1	0	3	0	1	5	6
MRA_3479	10	10	6	0	1	3	29
MRA_1380	0	0	1	0	0	0	0
MRA_1381	0	8	1	0	0	1	0
MRA_1382	5	0	4	0	1	2	15
MRA_1383	1	0	4	0	4	3	7
MRA_1384	4	0	11	0	7	1	8
MRA_1385	9	0	25	1	8	4	31
MRA_1386	0	0	2	0	1	3	10
MRA_1387	7	19	16	2	10	14	30
MRA_1388	0	0	0	0	0	2	1
MRA_1389	0	0	0	0	0	0	0
MRA_0100	0	0	2	4	1	4	0
MRA_0101	0	3	0	0	5	0	1
MRA_0102	0	0	1	0	1	0	0
MRA_0103	0	0	10	0	2	3	5
MRA_0104	0	10	3	0	2	1	1
MRA_0105	0	0	11	0	0	0	9
MRA_0106	18	21	30	5	13	14	59
MRA_0107	23	6	28	1	10	10	43
MRA_0108	16	5	30	2	13	0	34
MRA_0109	23	4	24	0	17	5	27
MRA_0990	1	0	5	0	1	4	6
MRA_0991	0	0	1	0	0	0	3
MRA_0992	223	0	291	3	132	48	363
MRA_0993	0	0	4	3	0	2	0
MRA_2774A	1	0	10	0	1	2	8
MRA_0994	27	0	38	0	13	24	19
MRA_0995	16	7	19	3	29	8	28
MRA_0996	26	0	39	0	19	0	34
MRA_0997	3	3	15	2	4	2	15
MRA_0998	0	7	3	0	1	0	0
MRA_3480	0	4	11	0	9	6	26
MRA_0999	1	3	1	0	1	0	5
MRA_3481	0	0	0	0	0	4	1
MRA_3482	0	0	0	0	0	0	0
MRA_3483	2	0	0	0	0	0	0
MRA_3484	0	3	0	0	0	0	0
MRA_3485	0	0	2	1	0	0	0
MRA_3486	0	0	0	0	0	0	0
MRA_3487	0	0	0	1	1	1	4
MRA_3488	5	3	2	4	0	1	4
MRA_3489	0	0	0	0	0	2	0
MRA_1800	1	0	1	0	0	3	5
MRA_1801	2	0	21	0	6	3	25
MRA_1802	0	0	5	0	0	0	1
MRA_1803	1	11	4	0	0	6	5
MRA_1804	0	0	0	0	1	1	2
MRA_1805	0	0	1	0	0	0	3
MRA_1806	2	0	13	0	8	1	9
MRA_1807	2	5	2	0	2	1	1
MRA_1390	0	0	0	0	0	3	0
MRA_1808	6	8	10	0	6	1	10
MRA_1391	0	6	0	0	0	0	0
MRA_1809	3	0	6	0	3	0	4
MRA_1392	0	3	3	1	0	0	0
MRA_1393	5	2	9	0	0	22	3
MRA_1394	7	0	19	0	11	8	22
MRA_1395	20	0	9	2	8	4	13
MRA_1396	4	0	4	1	2	16	9
MRA_1397	0	0	0	0	0	0	3
MRA_1398	0	7	3	0	2	0	2
MRA_1399	0	0	0	0	0	0	0
MRA_2200	0	0	0	4	0	1	0
MRA_2201	0	0	2	0	0	2	1
MRA_2202	15	0	25	0	9	0	24
MRA_2203	23	0	18	0	7	9	41
MRA_2204	2	0	0	0	5	0	1
MRA_2205	1	1	1	0	0	2	0
MRA_2206	1	0	1	3	0	0	0
MRA_2207	7	14	6	1	4	12	10
MRA_2208	0	5	10	0	2	1	6
MRA_2209	14	0	51	0	49	14	55
MRA_0110	0	0	0	0	0	0	0
MRA_0111	6	0	6	0	14	0	20
MRA_0112	1	3	5	0	10	14	18
MRA_0114	0	1	0	0	0	0	0
MRA_0115	0	0	0	0	0	3	0
MRA_0116	2	13	4	0	5	3	1
MRA_0117	2	0	8	5	4	1	5
MRA_0118	0	0	5	0	2	1	2
MRA_0119	2	1	2	0	3	0	4
MRA_3900	8	0	160	5	47	37	117
MRA_3901	0	6	2	0	0	0	6
MRA_3902	1	0	3	1	1	3	0
MRA_3903	3	3	20	7	8	4	33
MRA_3904	1	3	1	0	2	7	1
MRA_3905	0	0	0	0	1	0	3
MRA_3906	0	0	0	0	0	0	0
MRA_3907	1	8	2	0	1	3	4
MRA_3490	3	4	31	3	5	4	24
MRA_3908	7	1	3	0	3	2	2
MRA_3491	0	12	2	4	0	3	1
MRA_3909	0	0	0	1	1	2	2
MRA_3492	1	5	7	1	4	1	12
MRA_3493	7	0	2	3	0	0	2
MRA_3494	1	0	6	0	0	0	0
MRA_3495	63	2	156	0	38	21	147
MRA_3496	0	10	3	3	2	1	1
MRA_3497	0	0	2	0	4	0	5
MRA_3498	18	0	20	2	0	5	9
MRA_3499	0	0	5	0	0	0	3
MRA_1810	0	0	0	0	0	4	0
MRA_1811	0	0	2	0	0	4	2
MRA_1812	0	0	0	0	0	1	0
MRA_1813	16	3	16	3	4	13	23
MRA_1814	0	3	1	0	2	1	0
MRA_1815	13	2	7	1	9	7	26
MRA_1816	0	0	6	0	4	18	6
MRA_1817	22	0	5	0	9	7	18
MRA_1818	0	0	0	0	0	3	0
MRA_1819	4	0	6	0	4	4	11
MRA_2210	0	0	0	0	0	0	2
MRA_2211	5	0	12	0	4	0	22
MRA_2212	12	0	26	2	9	4	28
MRA_2213	20	0	24	0	2	1	60
MRA_2214	2	13	12	0	4	1	12
MRA_2215	4	0	3	2	0	5	7
MRA_2216	19	5	4	3	5	5	16
MRA_2217	12	0	59	2	29	7	82
MRA_2218	1	8	2	1	1	3	2
MRA_2219	391	9	383	6	162	80	390
MRA_3113A	27	12	32	0	20	0	32
MRA_0120	0	0	0	0	1	0	0
MRA_0121	2	0	5	1	2	1	1
MRA_0122	0	0	2	2	1	0	4
MRA_0123	3	0	4	1	2	4	4
MRA_0124	6	0	13	1	0	0	3
MRA_0125	4	3	3	1	0	6	8
MRA_0126	0	7	3	0	9	7	14
MRA_0127	3	0	12	9	5	3	16
MRA_0128	2	1	0	0	0	0	0
MRA_0129	0	0	5	1	1	4	3
MRA_3910	3	4	9	0	6	1	4
MRA_3911	0	0	0	0	0	0	0
MRA_3912	1	0	0	0	2	1	3
MRA_3913	0	0	0	0	1	3	3
MRA_3914	0	0	0	0	6	0	1
MRA_3915	12	0	20	6	3	1	18
MRA_3916	11	0	22	0	8	3	14
MRA_3917	11	0	33	0	27	3	71
MRA_3918	6	7	21	4	8	15	30
MRA_3919	0	0	0	0	0	1	0
MRA_1820	0	0	2	3	0	2	1
MRA_1821	3	2	2	0	2	3	1
MRA_1822	0	6	0	0	0	1	3
MRA_1823	5	8	10	1	7	3	38
MRA_1824	13	0	30	2	7	6	26
MRA_1825	11	0	32	2	9	3	32
MRA_1826	0	5	13	4	4	0	15
MRA_1827	1	0	5	3	4	3	5
MRA_1828	6	0	16	0	7	7	29
MRA_1829	4	13	21	0	4	5	26
MRA_2220	18	0	16	0	11	2	37
MRA_2221	31	0	37	0	12	9	56
MRA_2222	7	0	10	0	5	16	11
MRA_2223	0	5	3	0	0	4	1
MRA_2224	1	0	13	0	10	0	13
MRA_2225	23	18	66	0	42	10	80
MRA_2226	0	2	0	0	0	2	0
MRA_2227	5	0	1	0	0	1	4
MRA_2228	1	4	5	0	9	6	11
MRA_2229	4	9	7	0	12	2	20
MRA_0130	0	0	1	0	1	6	5
MRA_0131	6	0	3	0	3	3	7
MRA_0132	9	14	4	7	1	5	10
MRA_0133	12	0	5	0	5	0	10
MRA_0134	4	3	5	0	1	23	6
MRA_0135	22	0	100	0	29	7	58
MRA_0136	5	0	8	0	5	3	31
MRA_0137	0	0	3	3	4	0	8
MRA_0138	1	4	3	0	2	7	1
MRA_0139	4	1	10	0	2	0	11
MRA_3920	0	0	0	0	2	2	0
MRA_3921	0	0	8	0	2	4	11
MRA_3922	10	18	19	2	8	10	14
MRA_3923	32	10	52	0	32	23	56
MRA_3924	0	0	1	1	0	3	1
MRA_3925	0	0	3	0	0	4	0
MRA_3926	1	1	1	1	0	4	7
MRA_3927	3	0	3	0	0	0	1
MRA_3928	5	0	16	0	3	2	18
MRA_3929	0	0	0	0	0	0	0
MRA_1830	0	11	0	0	0	2	0
MRA_1831	4	19	6	0	3	4	10
MRA_1832	2	27	3	2	4	0	0
MRA_1833	13	0	10	0	2	2	20
MRA_1834	8	0	13	1	13	3	14
MRA_1835	4	0	6	0	4	4	8
MRA_1836	0	0	3	0	1	3	4
MRA_1837	2	0	7	0	1	3	2
MRA_1838	1	0	0	0	0	6	0
MRA_1839	0	0	1	0	2	1	0
MRA_2230	2	16	13	1	14	5	27
MRA_2231	4	10	4	2	2	9	9
MRA_2232	0	0	0	0	0	0	1
MRA_2233	3	5	3	0	3	4	3
MRA_2234	1	0	3	0	1	2	10
MRA_2235	1	0	6	2	1	0	5
MRA_2236	22	12	31	5	11	1	56
MRA_2237	7	11	20	3	4	7	19
MRA_2238	12	11	32	0	9	9	54
MRA_2239	0	1	0	0	1	3	0
MRA_0140	0	1	0	0	2	1	1
MRA_0141	3	0	4	0	1	5	15
MRA_0142	1	0	17	2	9	3	37
MRA_0143	12	7	5	0	1	6	8
MRA_0144	15	0	7	1	13	2	18
MRA_0145	1	0	0	1	0	5	0
MRA_0146	0	10	2	0	1	5	4
MRA_0147	10	0	9	1	4	0	42
MRA_0148	76	0	16	2	6	16	68
MRA_0149	2	0	11	3	9	7	20
MRA_3930	6	7	1	0	0	0	2
MRA_3931	0	8	0	1	0	0	0
MRA_3932	0	0	0	0	0	0	0
MRA_3933	1	0	3	1	5	0	4
MRA_3934	0	0	0	0	0	0	6
MRA_3935	0	0	0	0	0	2	0
MRA_3936	0	4	1	0	0	0	2
MRA_3937	0	0	1	0	0	0	0
MRA_3938	4	15	2	0	0	6	5
MRA_3939	0	5	0	0	0	1	0
MRA_1840	0	0	3	0	5	5	6
MRA_1841	1	0	5	1	0	0	5
MRA_1842	3	11	4	0	2	3	3
MRA_1843	11	3	18	4	10	17	35
MRA_1844	28	0	87	0	66	20	81
MRA_1845	0	0	5	0	6	1	5
MRA_1846	30	6	26	0	22	5	48
MRA_1847	3	2	13	0	6	3	21
MRA_1848	2	0	3	0	3	1	3
MRA_1849	8	0	11	0	11	4	29
MRA_2240	0	8	1	1	0	2	2
MRA_2241	0	5	0	3	0	0	3
MRA_2242	0	0	0	0	0	0	0
MRA_2243	19	8	61	3	16	7	92
MRA_2244	1	11	1	0	2	2	2
MRA_2245	2	0	2	0	2	0	15
MRA_2246	0	0	2	0	1	0	5
MRA_2247	0	10	2	0	3	0	2
MRA_2248	0	0	0	0	0	0	0
MRA_2249	0	0	1	0	0	2	0
MRA_0150	14	5	9	0	5	5	20
MRA_0151	3	11	22	3	8	5	24
MRA_0152	1	5	0	1	1	4	3
MRA_0153	1	2	2	0	3	3	3
MRA_0154	2	0	0	1	2	0	0
MRA_0155	0	1	0	0	0	2	1
MRA_0156	0	0	1	0	0	0	1
MRA_0157	11	4	44	0	6	5	38
MRA_0841A	8	12	26	2	10	2	59
MRA_0158	30	5	40	0	21	12	43
MRA_0159	16	16	27	3	4	7	19
MRA_3940	0	3	0	2	0	2	2
MRA_3941	1	0	6	0	0	0	11
MRA_3942	16	11	4	2	0	6	6
MRA_3943	0	5	1	0	0	0	0
MRA_3944	0	2	0	0	0	0	0
MRA_3945	0	0	0	1	0	1	0
MRA_3946	2	22	0	0	0	0	0
MRA_3947	0	3	0	3	0	1	0
MRA_3948	2	0	7	1	3	14	17
MRA_3949	14	14	41	0	15	16	60
MRA_1850	0	0	0	1	0	0	0
MRA_1851	0	0	4	0	0	4	1
MRA_1852	1	0	5	0	1	3	6
MRA_1853	4	3	7	3	8	2	7
MRA_1854	2	9	2	0	0	0	8
MRA_1855	4	0	2	0	0	10	5
MRA_1856	0	4	1	0	0	0	3
MRA_1857	0	0	1	0	0	0	0
MRA_1858	21	0	20	2	9	0	24
MRA_1859	0	0	0	0	0	0	0
MRA_2250	0	0	0	0	0	1	0
MRA_2251	3	0	1	0	8	2	1
MRA_2252	3	0	8	0	6	0	17
MRA_2253	0	0	0	0	0	2	0
MRA_2254	7	0	2	3	5	5	0
MRA_2255	14	2	18	1	9	11	31
MRA_2256	35	0	49	0	24	6	87
MRA_2257	1	0	3	0	2	0	12
MRA_2258	0	0	1	0	0	0	4
MRA_2259	0	7	0	0	0	0	0
MRA_0161	6	0	2	0	0	0	4
MRA_0162	0	0	1	1	1	2	0
MRA_0163	0	6	1	2	0	7	2
MRA_0164	1	0	10	0	5	1	16
MRA_0165	26	0	50	0	17	36	58
MRA_0166	3	1	4	1	3	0	6
MRA_0167	85	2	122	5	79	24	139
MRA_0168	0	0	13	1	2	2	11
MRA_0169	1	3	2	2	3	11	3
MRA_3950	0	0	0	0	0	0	2
MRA_3951	0	0	1	0	0	0	0
MRA_3952	1	0	6	2	1	4	7
MRA_3953	0	0	3	0	2	0	1
MRA_3954	22	0	45	4	13	14	45
MRA_3955	16	5	25	3	10	3	25
MRA_3956	0	4	2	0	1	2	0
MRA_3957	0	0	3	2	5	0	2
MRA_3958	0	0	0	2	0	0	1
MRA_3959	0	4	0	0	1	1	0
MRA_1860	0	0	0	0	0	0	0
MRA_1861	0	0	5	1	0	1	3
MRA_1862	0	0	4	2	2	0	0
MRA_1863	0	0	7	0	0	3	3
MRA_1864	10	0	27	0	5	4	40
MRA_1865	4	0	10	0	15	0	17
MRA_1866	0	0	1	0	0	2	1
MRA_1867	0	7	0	0	0	2	3
MRA_1868	1	7	4	0	0	0	7
MRA_1869	3	0	16	0	13	3	24
MRA_2260	29	0	11	0	11	0	12
MRA_2261	5	0	7	3	4	4	15
MRA_2262	5	11	1	0	1	1	7
MRA_2263	2	0	0	0	0	1	5
MRA_2264	1	0	0	0	0	0	0
MRA_2265	1	3	0	0	0	0	0
MRA_2266	1	0	1	0	4	9	9
MRA_2267	0	0	0	1	0	0	0
MRA_2268	0	0	0	0	2	0	4
MRA_2269	7	0	4	0	2	3	14
MRA_0170	6	0	6	0	5	0	12
MRA_0171	7	21	6	0	5	9	13
MRA_0172	0	1	0	3	1	7	3
MRA_0173	31	11	124	2	44	5	114
MRA_0174	19	6	6	4	5	0	10
MRA_0175	18	0	5	2	3	0	13
MRA_0176	11	0	5	0	7	4	8
MRA_0177	5	3	15	2	3	4	6
MRA_0178	18	0	8	0	8	5	12
MRA_0179	7	3	11	2	4	7	34
MRA_3960	3	0	13	0	12	4	8
MRA_3961	0	0	2	0	2	3	0
MRA_3962	0	0	0	0	0	0	0
MRA_3963	0	0	1	0	0	0	0
MRA_1870	0	0	0	0	0	1	0
MRA_1871	0	5	1	0	0	1	2
MRA_1872	0	0	1	0	0	0	4
MRA_1873	3	0	12	0	10	1	30
MRA_1874	1	13	2	0	2	0	6
MRA_1875	1	0	5	0	0	3	1
MRA_1876	4	0	2	0	4	0	7
MRA_1877	0	12	5	0	1	8	1
MRA_1878	8	0	0	0	4	0	4
MRA_1879	32	0	43	0	28	7	78
MRA_2270	0	0	0	0	2	0	1
MRA_2271	0	18	0	1	0	1	0
MRA_2272	0	6	6	2	2	7	9
MRA_2273	1	0	8	0	2	0	7
MRA_2274	0	0	0	0	1	2	5
MRA_2275	0	8	0	0	0	0	0
MRA_2276	21	12	38	0	21	15	108
MRA_2277	0	9	1	0	0	0	0
MRA_2278	1	6	3	2	4	2	1
MRA_2279	0	0	0	3	0	0	0
MRA_0180	13	12	34	4	14	4	45
MRA_0181	2	0	4	0	2	4	9
MRA_0182	9	0	17	0	8	10	28
MRA_0183	1	0	0	0	0	0	0
MRA_0184	0	0	3	0	0	1	1
MRA_0185	2	0	6	1	0	3	7
MRA_0186	14	13	32	3	8	11	29
MRA_0187	3	0	53	0	12	3	121
MRA_0188	26	0	30	0	17	10	51
MRA_0189	1	3	1	0	3	0	0
MRA_0386A	0	0	1	0	0	0	2
MRA_1880	16	10	7	0	10	0	28
MRA_1881	0	1	0	0	0	0	0
MRA_1882	0	0	0	0	0	2	0
MRA_1883	0	14	0	0	0	0	0
MRA_1884	3	6	7	0	0	1	6
MRA_1885	2	4	16	0	5	3	12
MRA_1886	6	0	18	0	21	0	54
MRA_1887	0	0	1	0	0	0	0
MRA_1888	11	6	42	1	20	5	51
MRA_1889	16	0	10	0	6	5	11
MRA_2280	0	0	4	4	1	7	0
MRA_2281	1	0	0	0	0	1	2
MRA_2282	1	0	7	1	2	0	7
MRA_2283	0	0	0	0	0	0	3
MRA_2284	2	2	8	4	6	1	4
MRA_2285	1	10	1	0	1	8	2
MRA_2286	3	0	3	0	3	7	6
MRA_2287	6	0	3	0	4	9	7
MRA_2288	1	0	2	0	0	3	1
MRA_0600	2	0	9	0	3	8	5
MRA_2289	0	1	2	2	2	0	4
MRA_0601	13	1	2	2	4	9	13
MRA_0602	1	0	18	0	6	14	23
MRA_0603	0	0	2	0	0	0	5
MRA_0604	0	0	1	0	0	0	0
MRA_0605	6	7	19	0	6	6	19
MRA_0606	1	0	1	0	0	2	1
MRA_0190	0	6	5	1	3	2	6
MRA_0607	0	0	0	0	0	0	0
MRA_0191	0	0	8	0	4	2	2
MRA_0608	1	0	5	3	4	4	5
MRA_0192	0	0	4	0	0	0	1
MRA_0609	0	0	1	0	1	4	0
MRA_0193	0	0	2	0	0	2	1
MRA_0194	528	10	360	5	227	963	571
MRA_0195	5	0	20	0	8	9	24
MRA_0196	12	6	41	4	16	6	22
MRA_0197	45	0	60	0	12	119	62
MRA_0198	0	0	1	0	1	0	3
MRA_0199	2	8	4	0	1	6	5
MRA_1000	0	9	3	0	0	0	4
MRA_1001	3	9	7	2	0	3	4
MRA_1002	0	0	0	0	0	3	1
MRA_1003	0	0	0	0	0	2	3
MRA_1004	0	0	1	0	0	3	0
MRA_1006	0	0	1	0	0	1	0
MRA_1007	5	0	16	3	8	1	15
MRA_1899A	0	0	7	0	2	0	6
MRA_1008	2	0	13	0	5	0	9
MRA_1009	2	0	5	0	2	5	7
MRA_1890	51	12	52	0	46	8	87
MRA_1891	1	1	2	0	4	10	7
MRA_1892	0	0	0	1	0	0	0
MRA_1893	0	5	1	0	0	0	0
MRA_1894	2	8	0	0	0	3	0
MRA_1895	1	0	4	0	0	3	1
MRA_1896	1	0	5	1	3	1	7
MRA_1897	3	0	1	0	2	6	5
MRA_1898	0	12	1	1	0	3	6
MRA_1899	85	7	284	2	166	41	402
MRA_2700	6	4	2	1	2	5	9
MRA_2701	5	0	23	2	16	6	21
MRA_2702	22	0	38	4	15	2	35
MRA_2703	8	4	16	0	6	0	12
MRA_2704	0	1	0	0	1	0	0
MRA_2705	1	0	1	0	0	0	0
MRA_2706	0	7	0	0	0	0	5
MRA_2707	0	0	0	0	2	3	1
MRA_2290	0	0	4	0	0	0	2
MRA_2708	0	2	0	0	0	0	0
MRA_2291	0	0	0	0	0	1	0
MRA_2709	10	6	22	0	22	5	59
MRA_2292	0	0	0	0	0	0	0
MRA_2293	19	0	14	0	7	1	7
MRA_2294	2	0	1	1	1	8	5
MRA_2295	1	0	4	0	0	0	5
MRA_2296	20	0	16	0	7	8	19
MRA_2297	0	0	0	0	0	0	0
MRA_2298	1	4	2	0	0	0	3
MRA_0610	0	0	0	0	0	0	0
MRA_2299	1	0	2	2	0	16	0
MRA_0611	7	7	14	2	18	1	36
MRA_0612	0	10	0	0	0	0	0
MRA_0613	0	0	0	0	0	1	0
MRA_0614	0	0	0	0	0	3	1
MRA_0615	0	0	0	0	0	0	0
MRA_0616	0	0	0	0	0	0	1
MRA_0617	2	0	3	0	1	0	1
MRA_0618	26	0	19	0	4	3	40
MRA_3100	3	0	10	0	5	2	30
MRA_0619	0	17	6	0	0	6	0
MRA_3101	26	4	19	0	15	3	28
MRA_3102	0	5	0	0	0	3	0
MRA_3103	0	0	0	0	0	0	0
MRA_3104	3	10	5	0	2	0	7
MRA_3105	7	0	3	0	3	1	5
MRA_3106	0	0	0	0	0	4	0
MRA_3107	44	0	58	2	30	6	68
MRA_3108	7	0	16	0	0	0	7
MRA_3109	0	0	2	0	1	0	3
MRA_1010	0	10	0	0	7	1	9
MRA_1011	4	2	21	0	4	6	34
MRA_1012	1	5	8	0	6	0	6
MRA_1013	6	6	8	0	6	0	19
MRA_1014	0	3	2	0	1	2	6
MRA_1015	18	0	25	1	11	1	38
MRA_1016	6	0	27	0	8	5	28
MRA_1017	1	6	3	0	0	7	8
MRA_1018	2	2	0	0	0	0	2
MRA_1019	0	0	0	0	0	0	0
MRA_2710	1	10	9	3	6	0	13
MRA_2711	1	0	0	0	0	1	0
MRA_2712	4	0	1	0	0	0	6
MRA_2713	7	0	12	0	7	3	25
MRA_2714	15	0	14	1	8	2	25
MRA_2715	0	0	4	0	3	2	3
MRA_2716	1	0	0	0	0	3	3
MRA_2717	0	0	3	0	0	4	0
MRA_2718	8	0	12	0	4	0	15
MRA_2719	2	0	4	3	3	2	5
MRA_0620	11	0	45	0	6	4	40
MRA_0621	0	3	7	0	10	3	27
MRA_0622	0	6	6	2	4	1	0
MRA_0623	9	0	31	3	16	6	35
MRA_0624	0	0	0	0	0	1	0
MRA_0625	40	4	69	0	28	0	65
MRA_0626	1	0	0	0	0	4	0
MRA_0627	0	3	0	0	0	0	0
MRA_0628	0	0	0	0	0	0	0
MRA_3110	0	16	2	0	0	0	1
MRA_0629	0	3	0	0	0	0	0
MRA_3111	4	0	4	0	0	0	5
MRA_3112	2	0	9	0	11	0	11
MRA_3113	1	3	3	0	3	18	3
MRA_3114	1	12	2	0	2	6	4
MRA_3115	1	0	1	1	1	7	4
MRA_3116	0	0	1	0	0	6	1
MRA_3117	0	0	0	0	0	2	1
MRA_3118	0	0	0	1	0	0	1
MRA_3119	0	0	0	0	0	0	0
MRA_1020	0	8	1	0	0	2	2
MRA_1021	11	18	12	0	6	7	20
MRA_1022	3	0	3	0	4	0	3
MRA_1023	0	0	2	0	0	5	2
MRA_1024	27	0	22	3	7	4	30
MRA_1025	4	0	2	0	2	0	2
MRA_1026	7	6	13	0	5	2	39
MRA_1027	0	0	0	2	2	5	0
MRA_1028	5	4	7	1	1	12	9
MRA_1029	0	5	0	0	0	0	0
MRA_0429A	4	0	0	0	0	6	9
MRA_2720	1	7	5	0	1	0	5
MRA_2721	1	0	9	0	6	0	18
MRA_2722	0	0	0	0	0	3	2
MRA_2723	6	0	11	0	3	2	20
MRA_2724	0	0	0	0	0	3	1
MRA_2725	3	0	0	0	0	1	0
MRA_2726	36	0	16	1	17	1	46
MRA_2727	0	0	2	0	1	2	4
MRA_2728	2	0	8	0	2	8	7
MRA_2729	0	0	8	0	1	2	10
MRA_0630	0	0	0	0	0	5	0
MRA_0631	0	0	7	0	1	2	2
MRA_0632	0	0	0	0	0	1	0
MRA_0633	6	0	1	0	4	3	2
MRA_0634	5	0	14	0	7	13	12
MRA_0635	3	0	1	0	0	0	1
MRA_0636	0	0	2	0	7	8	15
MRA_0637	5	0	24	1	6	3	21
MRA_0638	0	0	0	1	0	5	0
MRA_3120	2	5	0	0	1	2	3
MRA_0639	0	17	2	4	2	13	1
MRA_3121	0	7	1	3	0	2	0
MRA_3122	0	0	3	1	2	0	10
MRA_3123	9	9	25	0	7	19	31
MRA_3124	14	4	23	0	14	2	35
MRA_3125	1	0	1	0	2	0	3
MRA_3126	1	4	0	0	0	1	0
MRA_3127	16	3	5	0	2	0	9
MRA_3128	1	0	1	0	3	0	3
MRA_3129	33	0	61	0	25	2	66
MRA_1030	0	4	1	0	0	0	1
MRA_1031	3	3	2	0	0	5	0
MRA_1032	0	7	0	1	0	1	1
MRA_1033	0	0	0	0	0	0	0
MRA_1034	0	0	4	0	5	2	2
MRA_1035	0	5	1	0	0	1	2
MRA_1036	3	1	20	0	0	0	6
MRA_1037	10	0	9	0	5	4	19
MRA_1038	0	3	3	4	1	5	1
MRA_1039	0	0	1	0	0	0	12
MRA_2730	1	3	1	0	0	0	2
MRA_2731	1	11	8	4	3	9	5
MRA_2732	2	0	5	0	2	0	11
MRA_2733	11	0	54	5	14	8	69
MRA_2734	192	4	110	12	96	29	135
MRA_2735	56	2	96	3	56	32	139
MRA_2736	4	0	13	2	2	11	19
MRA_2737	0	0	0	0	2	3	1
MRA_2738	1	5	0	0	3	1	0
MRA_2739	0	0	8	0	1	0	10
MRA_0640	0	1	1	1	0	2	4
MRA_0641	6	0	2	0	1	0	9
MRA_0642	1	0	1	0	0	2	1
MRA_0643	1	4	1	0	1	1	1
MRA_0644	6	5	12	0	3	1	13
MRA_0645	0	0	0	0	0	0	0
MRA_0646	0	4	0	0	2	3	2
MRA_0647	22	0	4	2	4	3	8
MRA_0648	0	0	1	1	0	0	0
MRA_3130	18	0	43	4	42	2	71
MRA_0649	0	10	0	0	0	0	1
MRA_3131	0	9	2	2	0	5	5
MRA_2281A	6	0	30	1	6	0	31
MRA_3132	0	0	0	0	0	0	0
MRA_3133	1	16	0	0	0	1	1
MRA_3134	1	0	0	0	0	2	0
MRA_3135	2	0	3	0	1	2	14
MRA_3136	0	1	0	0	0	0	0
MRA_3137	0	0	0	0	0	3	0
MRA_3138	2	5	0	2	0	5	5
MRA_3139	2	6	4	2	2	1	6
MRA_1040	6	3	16	1	7	5	21
MRA_1041	4	0	2	0	1	0	2
MRA_1042	1	0	2	0	3	3	0
MRA_1043	0	0	0	0	0	0	0
MRA_1044	0	12	0	0	0	0	0
MRA_1045	0	0	0	0	0	0	4
MRA_1046	1	0	1	0	0	2	2
MRA_1047	2	0	6	0	9	3	8
MRA_1048	1	0	0	2	0	0	2
MRA_1049	11	0	7	0	4	0	8
MRA_2740	60	0	121	2	26	17	145
MRA_2741	9	5	21	2	10	5	34
MRA_2742	29	1	25	0	27	11	38
MRA_2743	0	0	6	1	4	0	10
MRA_2744	0	3	9	0	2	2	14
MRA_2745	4	18	15	0	6	5	18
MRA_2746	0	4	0	1	0	0	0
MRA_2747	0	5	3	0	2	0	0
MRA_2748	26	0	49	5	18	1	62
MRA_2749	29	3	126	1	28	30	100
MRA_0650	0	0	0	0	1	0	0
MRA_0651	1	0	0	0	2	0	1
MRA_0652	0	16	0	0	2	0	6
MRA_0653	2	6	12	4	3	7	15
MRA_0654	1	0	2	0	0	0	2
MRA_0655	0	8	2	0	0	1	0
MRA_0656	4	3	7	0	11	4	23
MRA_0657	0	0	5	3	1	0	10
MRA_0658	0	0	1	0	0	3	2
MRA_3140	5	14	11	0	3	3	16
MRA_0659	2	20	0	4	1	4	1
MRA_3141	0	0	2	2	0	4	4
MRA_3142	0	0	0	0	0	0	1
MRA_3143	0	5	0	0	0	1	0
MRA_3144	0	0	0	2	0	0	0
MRA_3145	0	0	0	0	0	0	0
MRA_3146	13	1	30	1	9	4	23
MRA_3147	0	0	0	0	0	0	0
MRA_3148	9	0	1	0	3	0	3
MRA_3149	0	0	0	0	0	0	0
MRA_1050	0	0	0	0	0	2	1
MRA_1051	0	0	0	0	0	0	0
MRA_1052	5	4	7	0	7	18	11
MRA_1053	0	0	1	0	0	1	2
MRA_1054	3	1	28	0	9	1	29
MRA_1055	5	3	7	0	2	14	9
MRA_1056	0	0	0	0	1	0	0
MRA_1057	2	0	5	0	2	4	10
MRA_1058	0	5	0	0	0	1	0
MRA_1059	0	0	1	1	1	11	3
MRA_2750	23	0	61	2	17	12	30
MRA_2751	0	0	6	0	2	0	1
MRA_2752	3	0	6	0	0	9	5
MRA_2753	0	0	1	0	0	2	0
MRA_2754	0	10	0	0	0	3	0
MRA_2755	0	4	0	0	0	6	0
MRA_2756	0	0	0	0	0	0	0
MRA_2757	0	0	3	2	4	1	9
MRA_2758	3	0	8	0	1	0	17
MRA_2759	0	0	1	0	0	1	0
MRA_0660	0	0	0	0	0	0	0
MRA_0661	0	0	8	0	1	0	1
MRA_0662	1	0	0	0	0	0	3
MRA_0663	0	0	0	0	0	0	0
MRA_0664	95	0	94	5	51	15	180
MRA_0665	2	1	9	1	1	4	9
MRA_0666	0	3	0	0	1	0	3
MRA_0667	1	0	7	0	13	0	39
MRA_1020A	3	0	0	0	0	0	0
MRA_0668	1	0	5	1	4	7	6
MRA_3150	0	0	0	0	0	0	0
MRA_0669	3	0	0	0	0	0	0
MRA_3151	0	14	0	0	1	5	0
MRA_3152	2	0	1	3	1	0	11
MRA_3153	3	9	9	3	3	10	6
MRA_3154	0	0	0	0	0	0	0
MRA_3155	7	6	2	0	2	0	4
MRA_3156	4	0	5	0	6	1	6
MRA_3157	65	7	87	0	36	16	117
MRA_3158	6	0	11	0	2	2	6
MRA_3159	0	2	7	4	3	9	7
MRA_1060	0	4	1	1	1	1	7
MRA_2074A	0	0	1	0	1	0	1
MRA_1061	0	9	1	0	0	2	0
MRA_1062	30	3	37	0	17	9	31
MRA_1063	0	0	0	0	0	9	0
MRA_1064	0	0	0	0	0	0	0
MRA_1065	0	0	6	0	1	1	3
MRA_1066	0	0	0	0	0	3	1
MRA_1067	0	0	0	0	0	4	0
MRA_1068	0	0	0	0	0	3	0
MRA_1069	0	0	0	0	0	2	0
MRA_2760	24	2	74	1	29	9	55
MRA_0265A	27	10	14	2	17	0	63
MRA_2761	10	0	21	6	13	2	17
MRA_2762	0	0	0	0	0	0	0
MRA_2763	10	3	4	0	12	6	11
MRA_2764	2	0	1	0	2	0	10
MRA_2765	0	0	1	0	0	4	0
MRA_2766	0	0	0	0	0	0	0
MRA_2767	0	0	3	0	0	2	4
MRA_2768	15	7	27	1	22	11	54
MRA_2769	0	0	2	0	0	4	3
MRA_0670	0	0	1	0	0	0	0
MRA_0671	0	0	0	0	0	0	0
MRA_0672	0	0	1	0	0	0	3
MRA_0673	0	0	5	0	3	4	8
MRA_0674	0	0	0	0	0	0	0
MRA_0675	0	0	0	0	0	0	0
MRA_0676	4	9	3	0	0	9	4
MRA_0677	0	8	5	1	6	7	4
MRA_0678	14	0	62	0	36	7	72
MRA_3160	230	2	14	4	28	4	46
MRA_0679	44	0	106	2	63	17	106
MRA_3161	139	0	18	5	10	0	52
MRA_3162	0	0	1	0	0	16	1
MRA_3163	2	9	1	0	2	1	0
MRA_3164	114	3	42	0	13	4	58
MRA_3165	0	0	0	0	0	0	0
MRA_3166	0	6	0	0	0	3	1
MRA_3167	3	0	8	1	5	4	13
MRA_3168	10	6	6	0	9	4	27
MRA_3169	26	0	29	0	23	7	32
MRA_1817A	135	0	88	9	103	31	168
MRA_1070	0	0	1	0	0	0	3
MRA_1071	1	0	1	0	0	2	0
MRA_1072	10	0	9	0	3	7	14
MRA_1073	1	0	2	0	1	9	19
MRA_1074	0	0	0	0	0	0	0
MRA_1075	0	0	2	0	0	2	0
MRA_1076	1	0	0	0	2	3	6
MRA_1077	1	0	10	0	1	5	26
MRA_1078	0	1	0	0	0	2	0
MRA_1079	1	6	0	0	0	0	0
MRA_2770	0	0	0	0	0	0	0
MRA_2771	0	0	0	0	0	0	0
MRA_2772	5	0	2	0	1	1	1
MRA_2773	8	2	50	1	16	9	69
MRA_2774	4	8	13	0	4	6	27
MRA_2775	40	10	58	5	35	9	88
MRA_2776	21	0	30	0	20	4	37
MRA_2777	7	0	15	2	10	1	23
MRA_2778	0	4	1	0	1	4	0
MRA_2779	1	0	2	0	0	3	3
MRA_0515A	0	0	1	0	0	0	1
MRA_0680	0	12	0	1	0	1	0
MRA_0681	0	0	5	0	8	3	13
MRA_0682	1	0	0	0	0	0	0
MRA_0683	0	0	0	0	0	0	1
MRA_0684	0	5	1	0	0	1	3
MRA_0685	2	0	2	0	2	3	27
MRA_0686	5	6	33	3	19	2	47
MRA_0687	2	0	2	0	3	3	4
MRA_0688	14	0	8	0	12	7	57
MRA_3170	0	0	1	0	0	0	2
MRA_0689	7	0	10	1	7	6	15
MRA_3171	42	0	62	0	28	1	52
MRA_3172	0	6	0	0	0	1	1
MRA_3173	3	0	5	0	1	0	0
MRA_3174	15	0	14	1	14	0	48
MRA_3175	9	0	16	3	17	8	28
MRA_3176	52	3	29	0	59	2	115
MRA_3177	4	35	3	3	0	2	6
MRA_3178	0	0	0	1	0	0	4
MRA_3179	0	0	0	0	0	2	0
MRA_1080	0	0	3	0	1	0	0
MRA_1081	3	0	2	0	0	0	5
MRA_1082	0	4	0	0	4	4	1
MRA_1083	20	9	16	0	26	3	38
MRA_1084	30	0	24	4	7	1	39
MRA_1085	0	10	2	0	1	6	2
MRA_1086	0	0	1	0	0	0	1
MRA_1087	16	0	26	0	4	11	33
MRA_1088	1	0	34	0	4	6	9
MRA_1089	25	0	137	0	36	25	94
MRA_2780	0	0	0	0	0	2	0
MRA_2781	0	0	0	0	0	7	4
MRA_2782	0	0	0	0	0	0	0
MRA_2783	0	0	0	0	0	0	0
MRA_2784	0	0	2	0	0	0	0
MRA_2785	0	0	0	0	0	0	0
MRA_2786	0	5	1	0	0	1	0
MRA_2787	0	0	1	0	0	0	0
MRA_2788	3	0	0	0	1	0	0
MRA_2789	0	0	2	0	0	0	0
MRA_0690	0	0	0	0	0	4	0
MRA_0691	0	3	0	0	4	0	0
MRA_0692	2	0	0	0	0	0	0
MRA_0693	1	0	2	5	5	5	3
MRA_0694	0	0	1	0	0	6	1
MRA_0695	1	0	0	1	0	8	2
MRA_0696	0	13	3	0	0	1	1
MRA_0697	1	3	0	3	2	0	5
MRA_0698	4	0	0	0	0	1	6
MRA_3180	0	0	0	3	0	0	0
MRA_0699	1	5	2	0	2	2	2
MRA_3181	0	0	2	2	0	5	0
MRA_3182	0	0	0	0	0	0	1
MRA_3183	0	0	0	0	1	7	0
MRA_3184	3	22	4	3	2	10	2
MRA_3185	13	0	10	0	4	7	12
MRA_3186	0	2	0	0	0	3	0
MRA_3187	4	0	0	0	3	0	6
MRA_3188	0	0	0	0	0	0	3
MRA_3189	0	6	0	1	0	1	2
MRA_1500	10	0	37	2	18	9	67
MRA_1501	10	0	2	4	3	5	14
MRA_1502	6	0	1	5	0	4	4
MRA_1503	2	0	2	0	0	0	0
MRA_1504	0	0	0	0	0	0	2
MRA_1505	0	0	0	0	0	4	0
MRA_1506	0	0	3	7	1	0	5
MRA_1507	2	4	17	0	2	1	22
MRA_1090	0	0	0	3	0	1	2
MRA_1508	10	0	22	1	12	3	21
MRA_1091	3	0	2	0	1	0	0
MRA_1509	0	0	0	0	2	0	0
MRA_1092	1	0	3	2	3	1	3
MRA_1093	0	0	0	0	0	0	0
MRA_1094	6	5	10	0	4	11	33
MRA_1095	10	0	29	0	5	6	22
MRA_1096	0	0	2	0	1	1	0
MRA_1097	1	0	1	0	2	0	1
MRA_1098	1	0	4	0	2	0	5
MRA_1099	0	0	0	0	0	7	0
MRA_1442A	0	0	4	0	1	0	4
MRA_2790	1	0	2	0	1	9	4
MRA_2791	1	6	0	2	0	3	3
MRA_2792	1	0	0	2	0	0	0
MRA_2793	1	0	0	0	0	0	1
MRA_2794	0	0	0	0	0	1	3
MRA_2795	6	7	13	0	5	9	28
MRA_2796	1	21	2	3	1	0	1
MRA_2797	0	0	0	0	0	0	2
MRA_2798	2	0	3	0	1	3	8
MRA_2799	4	0	8	0	5	3	12
MRA_0059A	0	0	0	0	0	4	1
MRA_3600	0	0	0	5	2	0	2
MRA_3601	0	0	2	0	0	1	0
MRA_3602	0	13	0	0	0	0	0
MRA_3603	0	6	0	0	0	0	0
MRA_3604	11	0	10	4	8	3	24
MRA_3605	0	0	0	0	4	5	6
MRA_3606	0	8	0	0	0	2	0
MRA_3607	2	6	2	0	0	4	4
MRA_3190	5	12	13	1	4	6	13
MRA_3608	0	0	0	0	0	0	0
MRA_3191	6	8	12	0	5	3	30
MRA_3609	0	3	0	2	0	0	0
MRA_3192	72	14	70	0	79	9	130
MRA_3193	0	0	1	0	1	2	3
MRA_3194	0	0	1	0	0	1	1
MRA_3195	2	8	2	0	2	0	5
MRA_3196	0	2	0	3	0	0	2
MRA_3197	1	12	1	0	0	5	3
MRA_3198	0	0	1	0	0	0	0
MRA_3199	0	0	0	1	0	10	0
MRA_1510	2	0	14	2	12	4	24
MRA_1511	19	0	66	3	18	26	43
MRA_1512	89	0	57	2	33	18	27
MRA_1513	6	7	11	0	2	4	23
MRA_1514	3	0	13	1	5	3	23
MRA_1515	31	4	10	1	8	0	37
MRA_0687A	21	0	24	4	14	8	47
MRA_1516	10	0	10	3	8	8	22
MRA_1517	0	0	1	5	0	0	0
MRA_1518	4	13	10	0	3	0	14
MRA_1519	28	10	62	2	38	10	58
MRA_2955A	4	9	4	1	2	1	13
MRA_3610	1	0	1	0	0	4	1
MRA_3611	0	0	2	0	2	0	4
MRA_3612	6	0	0	1	1	12	2
MRA_3613	0	4	5	2	3	0	12
MRA_3614	1	0	0	0	3	2	2
MRA_3615	0	0	0	0	0	4	0
MRA_3616	0	4	1	0	0	0	1
MRA_3617	8	1	39	0	29	4	30
MRA_3618	1	0	1	0	4	0	10
MRA_2288A	4	0	4	0	0	0	5
MRA_3619	1	1	0	2	0	2	0
MRA_1520	0	0	1	0	0	0	0
MRA_1521	0	0	1	0	0	0	4
MRA_1522	12	9	18	0	11	3	18
MRA_1523	0	3	2	3	0	0	0
MRA_1524	0	12	0	0	0	0	0
MRA_1525	2	0	8	2	2	0	14
MRA_1526	9	0	12	3	11	3	22
MRA_1527	0	0	6	2	0	5	1
MRA_1528	0	0	0	0	1	3	4
MRA_1529	3	0	10	0	5	1	22
MRA_3620	0	0	0	0	0	0	0
MRA_3621	0	0	3	0	3	10	1
MRA_3622	3	0	9	3	1	2	4
MRA_3623	4	0	5	2	0	0	3
MRA_3624	0	0	4	4	1	0	8
MRA_3625	29	15	62	0	41	7	157
MRA_3626	2	13	12	4	6	6	15
MRA_3627	1	0	3	0	0	1	6
MRA_3628	0	2	4	0	0	3	2
MRA_3629	0	6	5	0	5	0	2
MRA_1530	3	0	4	0	3	2	3
MRA_1531	0	0	0	0	1	0	2
MRA_1532	0	10	6	0	0	4	9
MRA_1533	21	0	36	2	30	17	54
MRA_1534	40	8	74	1	29	17	79
MRA_1535	15	0	2	0	1	0	1
MRA_1536	0	3	1	0	0	3	0
MRA_1537	0	0	0	0	2	0	5
MRA_1538	24	8	25	0	6	3	16
MRA_1539	11	9	25	7	16	14	49
MRA_2329A	2	0	2	0	1	0	2
MRA_3630	0	0	0	2	1	6	1
MRA_3631	0	0	0	0	0	0	0
MRA_3632	6	0	5	2	3	1	2
MRA_3633	3	5	5	0	1	1	6
MRA_3634	0	8	2	0	0	1	2
MRA_3635	0	0	0	0	0	1	0
MRA_3636	0	5	3	0	3	0	0
MRA_3637	0	0	3	0	0	5	2
MRA_3638	5	0	8	1	3	4	18
MRA_3639	0	0	2	3	0	2	19
MRA_1540	5	3	1	0	2	3	2
MRA_1541	2	3	3	1	0	1	1
MRA_1542	1	0	7	0	0	12	9
MRA_1543	3	5	21	0	5	0	8
MRA_1544	2	0	5	0	3	0	17
MRA_1545	0	2	0	0	0	14	1
MRA_1546	4	0	8	0	0	4	5
MRA_1547	2	10	1	0	0	0	0
MRA_1548	1	5	5	0	2	6	8
MRA_1549	5	0	8	0	5	9	14
MRA_0771A	0	0	0	2	0	0	1
MRA_3640	0	0	0	0	3	1	0
MRA_3641	0	0	0	0	0	0	0
MRA_2749A	7	8	24	1	12	8	24
MRA_3642	0	0	0	0	0	0	0
MRA_3643	0	18	0	0	0	0	5
MRA_3644	0	0	0	0	0	1	4
MRA_3645	4	0	1	0	0	0	5
MRA_3646	1	0	0	0	0	0	5
MRA_3647	1	0	2	0	1	1	5
MRA_3648	0	0	0	0	0	2	1
MRA_3649	6	4	5	0	3	2	3
MRA_1550	0	6	2	1	3	1	2
MRA_1551	7	10	3	0	5	5	10
MRA_1552	1	0	3	0	0	5	8
MRA_1553	51	0	66	0	26	7	85
MRA_1554	7	12	10	4	3	2	17
MRA_1555	10	0	11	3	4	2	7
MRA_1556	0	0	1	0	1	0	0
MRA_1557	0	0	0	0	0	0	0
MRA_1558	0	0	2	0	1	0	4
MRA_1559	17	3	28	2	9	11	29
MRA_3650	2	0	2	0	0	6	1
MRA_3651	1	0	0	0	0	1	2
MRA_3652	5	3	7	0	2	4	17
MRA_3653	0	0	1	0	0	2	4
MRA_3654	10	0	12	0	10	5	13
MRA_3655	1	0	1	0	0	0	1
MRA_3656	0	0	0	0	0	0	2
MRA_3657	0	0	3	0	1	7	3
MRA_3658	0	0	0	0	0	2	0
MRA_3659	21	0	14	0	8	5	23
MRA_1560	94	3	169	0	99	19	247
MRA_1561	0	0	2	0	1	0	0
MRA_1562	0	0	1	0	0	4	0
MRA_1563	2	0	4	0	1	4	6
MRA_1564	0	7	1	1	0	1	2
MRA_1565	0	0	0	0	0	2	0
MRA_1566	0	0	0	0	0	0	0
MRA_1567	6	5	3	0	1	0	0
MRA_1568	2	0	1	0	7	2	1
MRA_1569	3	6	10	0	2	2	13
MRA_3660	5	7	5	0	4	0	26
MRA_3661	0	3	2	0	0	2	0
MRA_3662	0	0	0	0	0	9	2
MRA_3663	2	5	2	0	4	7	7
MRA_3664	14	0	16	0	12	6	32
MRA_3665	22	5	51	0	25	11	76
MRA_3666	3	0	6	0	3	0	12
MRA_3667	0	0	0	0	0	4	3
MRA_3668	1	0	4	0	0	0	5
MRA_3669	11	0	3	0	4	5	29
MRA_1570	0	9	0	0	0	0	0
MRA_1571	0	10	1	0	1	1	5
MRA_1572	0	0	0	0	0	0	0
MRA_1573	1	0	2	0	3	0	7
MRA_1574	4	3	15	0	3	1	13
MRA_1575	0	5	1	0	0	0	0
MRA_1576	10	0	9	4	2	2	14
MRA_1577	18	6	32	0	37	7	64
MRA_1578	1	8	2	0	2	4	8
MRA_1579	36	0	29	4	17	10	22
MRA_2623A	2	2	0	0	1	0	0
MRA_3677A	0	0	0	0	3	0	0
MRA_3670	24	0	29	0	28	4	72
MRA_3671	2	0	0	0	0	1	0
MRA_3672	0	0	0	0	3	0	0
MRA_3673	0	0	4	2	0	1	1
MRA_3674	6	5	0	0	0	2	7
MRA_3675	0	0	2	1	0	4	1
MRA_3676	0	8	1	0	0	2	0
MRA_3677	2	2	8	0	6	3	6
MRA_3678	2	0	12	0	0	0	7
MRA_3679	0	0	0	0	0	3	1
MRA_1580	0	0	0	0	0	0	0
MRA_1581	0	2	0	0	0	1	0
MRA_1582	0	0	0	0	0	0	0
MRA_1583	0	0	4	0	3	0	2
MRA_1584	1	0	3	1	2	1	1
MRA_1585	0	0	1	0	0	2	1
MRA_1586	15	0	17	1	7	20	28
MRA_1587	0	7	2	0	2	6	0
MRA_1588	1	0	0	0	1	0	0
MRA_1589	3	0	0	0	0	0	2
MRA_0300	0	24	1	4	1	0	0
MRA_0301	4	0	11	1	7	1	27
MRA_0302	19	4	94	2	47	3	97
MRA_0303	14	0	21	3	16	8	39
MRA_0304	0	5	0	0	1	0	5
MRA_0305	4	2	4	0	1	1	5
MRA_0306	0	0	0	1	0	3	4
MRA_0307	0	0	0	0	0	0	0
MRA_0308	0	0	0	0	0	0	0
MRA_0309	0	0	0	0	0	0	1
MRA_3680	34	3	88	5	43	7	160
MRA_3681	12	15	19	0	9	6	15
MRA_3682	0	0	0	0	0	3	2
MRA_3683	0	0	0	0	8	1	1
MRA_3684	0	18	1	0	0	3	1
MRA_3685	0	0	1	0	0	3	0
MRA_3686	0	0	2	0	2	3	2
MRA_3687	4	2	24	0	2	1	17
MRA_3688	1	6	0	0	0	0	3
MRA_3689	4	0	3	0	1	3	1
MRA_1590	1	0	2	0	1	6	2
MRA_1591	1	0	4	0	3	5	2
MRA_1592	2	0	2	0	0	0	6
MRA_1593	6	0	2	0	1	0	7
MRA_1594	2	0	0	0	1	0	1
MRA_1595	4	0	18	1	18	4	17
MRA_1596	1	0	0	0	0	6	8
MRA_1597	0	2	3	0	0	5	1
MRA_0985A	1	0	1	0	3	0	1
MRA_1598	0	0	0	0	0	0	0
MRA_1599	2	6	1	0	1	0	1
MRA_2400	0	5	0	0	0	3	0
MRA_2401	3	0	4	1	3	0	5
MRA_2402	5	7	13	0	5	16	29
MRA_1909A	35	16	44	0	21	4	63
MRA_2403	6	6	13	4	1	7	4
MRA_2404	1	0	0	1	0	9	1
MRA_2405	0	2	1	0	0	2	3
MRA_2406	0	0	2	3	4	13	2
MRA_2407	0	6	2	5	0	0	11
MRA_2408	8	6	35	0	32	12	72
MRA_2409	0	2	4	0	6	1	4
MRA_0310	3	0	5	0	0	8	4
MRA_0311	0	0	0	0	0	0	0
MRA_0312	5	0	5	0	0	2	11
MRA_0313	38	6	100	4	92	38	201
MRA_0314	10	11	14	1	13	11	22
MRA_0315	5	8	13	0	1	3	23
MRA_0316	5	4	3	0	0	2	4
MRA_0317	2	0	7	0	2	3	10
MRA_0318	1	0	3	0	1	3	7
MRA_0319	15	4	73	7	39	1	85
MRA_3690	0	0	2	0	0	0	0
MRA_3691	0	0	0	0	0	0	0
MRA_3692	0	1	0	0	0	1	0
MRA_3693	0	0	0	0	0	0	0
MRA_3694	0	10	2	1	0	5	0
MRA_3695	0	0	2	0	0	0	1
MRA_3696	9	0	32	1	31	8	124
MRA_3697	5	9	20	1	16	7	34
MRA_3698	0	0	0	0	0	3	0
MRA_3699	0	5	0	0	0	0	0
MRA_2410	3	0	3	0	2	2	15
MRA_2411	14	3	55	2	32	9	50
MRA_2412	0	0	4	5	2	0	9
MRA_2413	5	5	2	0	2	0	4
MRA_2414	2	0	7	0	2	2	10
MRA_2415	0	4	1	0	0	0	0
MRA_2416	0	1	0	0	0	2	0
MRA_2417	1	0	0	2	0	1	0
MRA_2418	1	0	2	0	3	15	6
MRA_2419	10	0	12	3	8	6	9
MRA_0320	0	0	1	0	0	4	2
MRA_0321	4	20	9	3	6	7	18
MRA_0322	9	0	12	0	4	2	31
MRA_0323	69	0	112	6	44	16	128
MRA_0324	1	2	3	0	0	3	2
MRA_0325	6	3	10	0	3	0	27
MRA_0326	4	0	20	2	6	0	29
MRA_0327	4	0	14	2	10	4	11
MRA_0328	0	6	3	3	1	0	3
MRA_0329	0	0	4	5	1	2	3
MRA_0608A	0	0	2	0	2	2	0
MRA_2420	15	7	19	0	15	1	25
MRA_2421	7	2	13	1	4	7	50
MRA_2422	5	0	0	0	0	5	13
MRA_2423	63	4	63	2	48	5	89
MRA_2424	15	0	9	0	4	7	12
MRA_2425	2	6	0	0	0	5	2
MRA_2426	10	2	21	0	7	3	19
MRA_2427	4	0	10	0	1	0	5
MRA_2428	16	0	5	0	0	5	2
MRA_2429	1	0	4	1	0	1	5
MRA_0330	5	0	5	1	4	1	4
MRA_0331	0	0	1	0	4	7	7
MRA_0332	4	0	13	3	11	0	18
MRA_0333	0	0	0	0	0	0	0
MRA_0334	0	0	0	0	0	0	0
MRA_0335	6	0	6	0	0	0	4
MRA_0336	5	3	14	1	9	6	22
MRA_0337	0	1	2	0	2	4	10
MRA_0338	3	0	7	0	6	5	17
MRA_0339	4	0	11	0	5	9	7
MRA_2430	0	0	1	0	0	0	0
MRA_2431	0	0	0	0	0	3	1
MRA_2432	4	0	2	1	0	8	5
MRA_1495A	4	0	11	4	5	5	23
MRA_2433	31	0	31	0	18	9	51
MRA_2434	0	0	1	0	0	3	1
MRA_2435	0	2	3	0	3	2	1
MRA_2436	0	2	6	0	3	12	6
MRA_2437	4	0	10	0	0	0	15
MRA_2438	35	3	39	0	17	1	96
MRA_2439	0	4	3	1	3	2	8
MRA_0340	0	4	4	0	3	1	6
MRA_0341	0	0	0	1	0	0	1
MRA_0342	0	0	0	0	0	1	2
MRA_0343	0	3	0	0	0	3	0
MRA_0344	16	0	12	0	17	6	21
MRA_0345	16	0	22	0	8	4	15
MRA_0346	1	5	2	1	2	2	8
MRA_0347	8	0	14	6	3	6	12
MRA_0348	5	9	1	0	0	0	4
MRA_0349	4	0	1	0	0	2	1
MRA_2798A	17	0	23	1	11	0	15
MRA_2500A	0	0	0	0	0	0	0
MRA_2440	0	6	0	0	0	0	0
MRA_2629A	0	0	3	0	1	0	1
MRA_2442	1	0	1	3	1	6	5
MRA_2443	0	0	0	2	0	11	0
MRA_2444	0	0	0	0	0	0	0
MRA_2445	0	7	0	0	0	0	0
MRA_2446	0	0	0	0	0	0	0
MRA_2447	0	0	2	0	1	0	3
MRA_2448	0	0	0	0	0	0	3
MRA_2449	0	0	6	0	0	2	7
MRA_0350	5	1	4	2	1	4	8
MRA_0351	3	13	9	2	11	4	30
MRA_0352	10	10	1	0	4	2	24
MRA_0353	7	0	21	0	2	1	36
MRA_0354	6	2	2	0	4	0	21
MRA_0355	14	0	23	4	11	3	31
MRA_0356	10	10	17	2	16	2	24
MRA_0357	18	0	7	0	9	0	31
MRA_0358	4	3	1	0	1	6	10
MRA_0359	1	0	1	2	8	2	5
MRA_2450	6	0	11	1	6	7	18
MRA_2451	1	24	1	0	1	3	0
MRA_2452	0	0	0	0	0	0	0
MRA_2453	1	3	0	1	0	2	1
MRA_2454	2	1	4	0	1	0	2
MRA_2455	9	0	35	0	17	5	27
MRA_2456	56	0	49	0	34	17	82
MRA_2457	32	2	42	0	6	5	32
MRA_2458	9	0	14	0	3	0	3
MRA_2459	0	0	2	0	1	0	6
MRA_0360	1	4	0	0	9	0	0
MRA_0361	0	0	0	0	0	9	2
MRA_0362	0	0	0	0	0	2	0
MRA_0363	581	7	135	4	211	18	391
MRA_0364	216	43	149	10	148	43	261
MRA_0365	23	0	16	0	7	9	41
MRA_0366	2	2	4	2	5	3	23
MRA_0367	0	0	0	0	1	4	2
MRA_0368	2	2	4	0	8	0	12
MRA_0369	0	0	2	0	4	0	2
MRA_2460	2	3	4	0	3	6	5
MRA_2461	4	15	9	0	4	8	8
MRA_2462	0	0	0	0	0	2	1
MRA_2463	26	0	27	0	15	7	52
MRA_2464	3	2	8	2	0	0	7
MRA_2465	0	7	0	0	0	3	1
MRA_2466	0	3	0	3	0	1	0
MRA_2467	0	4	0	0	0	0	0
MRA_2468	0	0	0	0	0	0	2
MRA_2469	223	11	383	3	239	58	460
MRA_0370	1	0	2	0	3	6	5
MRA_0371	22	15	48	1	36	10	62
MRA_0372	2	0	4	0	5	0	13
MRA_0373	24	0	40	3	36	3	56
MRA_0374	3	0	19	0	6	4	49
MRA_0375	0	0	0	0	0	4	0
MRA_0376	4	0	8	0	2	7	22
MRA_0377	0	17	0	0	0	7	2
MRA_0378	0	0	0	0	0	0	0
MRA_0379	0	1	1	3	0	1	0
MRA_1329A	37	0	90	2	49	12	180
MRA_2470	4	14	9	4	6	11	36
MRA_2471	0	0	0	0	0	0	0
MRA_2472	0	0	0	0	1	0	4
MRA_2473	0	0	3	0	0	2	1
MRA_2474	0	0	1	0	0	6	0
MRA_2475	0	0	1	0	0	6	1
MRA_2476	0	0	0	0	0	1	0
MRA_2477	41	8	86	2	28	11	77
MRA_2478	4	0	2	0	0	3	6
MRA_2479	1	0	6	0	4	5	4
MRA_0380	0	0	0	0	0	1	0
MRA_0381	0	0	0	0	0	0	0
MRA_0382	0	2	1	2	0	2	0
MRA_0383	0	0	0	0	0	3	0
MRA_0384	0	8	0	0	0	0	2
MRA_0385	1	3	0	1	0	2	0
MRA_0386	0	0	3	0	1	9	0
MRA_0387	0	0	5	0	0	0	2
MRA_0388	3	0	19	1	15	1	41
MRA_0389	4	0	7	0	8	4	23
